id,dialogue,predict_summary,hallucination_type,hallucination_level,confidence_score,first_shot_summary,first_shot_hallucination_type,first_shot_hallucination_level,first_shot_confidence_score,prediction,org_prediction,time_taken,gpt_model
13865430,"Ulysses: Did you see your grades?
Peter: Yes. 
Ulysses: I got an A
Peter: Me too
Julia: B
Martha: Where can I check them?
Julia: Online
Julia: On the course page","Ulysses and Peter got A's, Julia got B. Martha wants to check her grades, too.",NULL,0.0,1.0,"Ulysses and Peter got A's, Julia got B. Martha wants to check her grades, too.",NULL,0.0,1.0,False,False,4.5212,gpt-3.5-turbo-16k
13828779,"Natalie: can you send me the recipe for your famous cheesecake, please?
Monica: Sure, just a sec
Monica: <file_photo>
Natalie: Thank you, yummmmmmie <3",Monica has sent Natalie a photo with the recipe for her famous cheesecake.,NULL,0.0,1.0,Monica has sent Natalie a photo with the recipe for her famous cheesecake.,NULL,0.0,1.0,False,False,4.6286,gpt-3.5-turbo-16k
13729101,"Brenda: Hello, is this Sandra Donovan?
Sandra: Yes, well that was my maiden name, it's Sandra Taylor now.
Brenda: It's Brenda Riley, we used to work together in the clothes factory!
Sandra: Oh my God! Bren! How are you, it must be 25 years!
Brenda: I'm fine, I live in Stoke now, moved away from Brum in the late 90s.
Sandra: I still live in Kings Norton, same house, same husband! I've got 4 grandchildren now, ages 2, 4, 9 and 15! How about you?
Brenda: Unfortunately, my husband Bill died 5 years ago, I have only one grandchild, she's 7, my little angel, she doesn't remember her Gramps. 
Sandra: So sorry, love, I remember your Bill, he had long black hair and massive sideburns, didn't he?
Brenda: Well, yes, about 45 years ago, he was bald when he passed away. He loved to dance, he did Northern Soul, we both did actually. Went up to Wigan on weekends, happy times!
Sandra: Oh yes, I remember that craze, bit energetic for me! We liked disco instead! We had some great dinner dances with the factory, do you remember them?
Brenda: Yes! Us all dressed up with our long dresses and the men with their frilly evening shirts, lovely memories!
Sandra: Do you still see any of the girls from Lister's?
Brenda: No, but I heard that Marigold Carter died, very sad.
Sandra: Hey Bren, I've had a brainwave! How about we organise a reunion for the Lister's girls, look on social media for them?
Brenda: Actually, I was thinking along those lines! Do you fancy meeting up, just you and me? I can come down to Birmingham anytime.
Sandra: That would be lovely! Can you manage it next Saturday? We could meet about 11ish and go for lunch and a good old trip down memory lane!
Brenda: Oh yes! I'd love that! I'll get back to you about train times soon!
Sandra: Ok! Bye love!",Sandra and Brenda used to work in the clothes factory.,NULL,0.0,1.0,Sandra and Brenda used to work in the clothes factory.,NULL,0.0,1.0,False,False,4.9239,gpt-3.5-turbo-16k
13814882,"Rita: I'm so bloody tired. Falling asleep at work. :-(
Tina: I know what you mean.
Tina: I keep on nodding off at my keyboard hoping that the boss doesn't notice..
Rita: The time just keeps on dragging on and on and on.... 
Rita: I keep on looking at the clock and there's still 4 hours of this drudgery to go.
Tina: Times like these I really hate my work.
Rita: I'm really not cut out for this level of boredom.
Tina: Neither am I.",Rita and Tina are tired at work.,NULL,0.0,1.0,Rita and Tina are tired at work.,NULL,0.0,1.0,False,False,5.9196,gpt-3.5-turbo-16k
13814407,"Antonio: Is everything okay? You've been quiet lately
Alivia: Oh, hi, yeah, I've just been working on my thesis
Alivia: Or rather trying to work, it's not going too well
Antonio: Oh :( Problems finding research materials?
Alivia: Well
Alivia: That isn't really as big a problem, the worst part is actually sitting down and writing
Alivia: I find the topic interesting and all, I don't mind reading articles and books
Alivia: But when I'm supposed to write, it's like I blank out and can't type a single word w/o thinking I sound stupid...
Antonio: I know the feeling...
Antonio: You should probably stop thinking about it so seriously, just write and you can edit it later
Antonio: Once you get past the initial difficulty, it'll get better, at least that's what it was like for me
Alivia: I'd like to think so... Thanks... I'll try. And thanks for your concern <3","Alivia has been quiet lately. She's been working on her thesis, which is not going too well. Antonio and Alivia are going to meet later this week.",NULL,0.0,1.0,"Alivia has been quiet lately. She's been working on her thesis, which is not going too well. Antonio and Alivia are going to meet later this week.",NULL,0.0,1.0,False,False,5.3416,gpt-3.5-turbo-16k
13680247,"Paul: Do you have your keys?
Lena: Yup. What's up?
Paul: I will be home later than I thought, so just don't wait for me and get home.
Lena: What happened?
Paul: I'll call you in 15 minutes and then I'll tell you.
Lena: Ok.",Paul will be home later than he thought.,NULL,0.0,1.0,Paul will be home later than he thought.,NULL,0.0,1.0,False,False,4.1429,gpt-3.5-turbo-16k
13829728,"Janice: my son has been asking me to get him a hamster for his birthday
Janice: should i?
Martina: NO! NO! NO! NO! NO!
Martina: i got one for my son and it stank up the whole house
Martina: so don't do it!!!",Martina's son and it's terrible!,extrinsic,0.8,0.9,Martina's son and it's terrible!,extrinsic,0.8,0.9,True,True,4.7632,gpt-3.5-turbo-16k
13728767-1,"Karen: you know that road from the swimming pool to Waitrose?
Peter: yeah?
Karen: What is happening there?
Peter: Dunno. What do you mean?
Karen: It's all blocked of and vans everywhere
Peter: Is it ambulances and stuff?
Karen: Don't think so, I didn't see any lights or anything
Peter: what kind of vans then?
Karen: I don't know, those big white ones, like work vans
Peter: maybe repairs to something?
Karen: yeah I guess so
Karen: either way I would avoid it if I were you, I got pretty stuck after yoga
Karen: what time are you leaving anyway?
Peter: Not until 6 at the earliest, got to finish this presentation for the repairs team tomorrow
Karen: I thought Joe was going to finish that?
Peter: No Eileen wanted me to do it...
Karen: Cause she knows you won't say no?
Peter: Or because Joe did a pretty crappie job last time
Karen: True. let me know if you need any help.
Peter: I'm almost done, thanks though. 
Karen: see you in a bit",There's an accident on the road from the swimming pool to Waitrose.,extrinsic,0.8,0.9,There's an accident on the road from the swimming pool to Waitrose.,extrinsic,0.8,0.9,True,True,9.8148,gpt-3.5-turbo-16k
13864432,"Jenny: where does Mary live now?
Maria: In Southampton 
Louis: Yes, she moved there in December",Mary moved to Southampton in December.,NULL,0.0,1.0,Mary moved to Southampton in December.,NULL,0.0,1.0,False,False,4.3214,gpt-3.5-turbo-16k
13810694,"Josh: I need to buy an iPad?
Josh: do u think apple it's a good choice?
Brian: Nope, u gonna pay to have the sign of apple  on yr fucking iPad.
Josh: so what would u recommend?
Brian: u mean brands?
Brian: Samsung, Xiaomi, Sony
Brian: depends on yr budget..
Josh: let's say 2000..
Brian: what about this ? <file_other>
Brian: or this <file_other>
Brian: actually, if u want samsung I can get it cheaper for u
Josh: oh, good
Brian: call me after work, ok?
Josh: ok",Josh needs to buy an iPad. Brian says he should go for Android instead of Apple. ,NULL,0.0,1.0,Josh needs to buy an iPad. Brian says he should go for Android instead of Apple. ,NULL,0.0,1.0,False,False,7.0604,gpt-3.5-turbo-16k
13827914,"Chris: Hi there! Where are you? Any chance of skyping?
Rick: Hi! Our last two days in Cancun before flying to Havana. Yeah, skyping is an idea. When would it suit you?
Rick: We don't have the best of connections in the room but I can get you pretty well in the lobby.
Chris: What's the time in your place now?
Rick: 6:45 pm
Chris: It's a quarter to one in the morning here. Am still in front of the box.
Rick: Gracious me! Sorry mate. You needn't have answered.
Chris: 8-D
Rick: Just tell me when we could skype.
Chris: Preferably in the evening. Just a few hours earlier than now. And not tomorrow.
Rick: Shute! Only tomorrow makes sense as there's no workable internet in Cuba.
Chris: Could you make it like 3 pm your time?
Rick: Sure.
Chris: Perfect. So talk to you tomorrow.
Chris: Give my love to Helen please.
Rick: I will. Thx.",Rick and Chris will skype at 1 pm EST tomorrow.,NULL,0.0,1.0,Rick is spending the last 2 days in Cancun before flying to Havana. Chris and Rick can skype on Wednesday at 2 PM (GMT -7) or Tuesday at 9 AM (CST).,NULL,0.0,1.0,False,False,5.2806,gpt-3.5-turbo-16k
13729313,"Margaret: Hi, in December I'd like to meet on 4th and 11th around 10:00 or 11:00. 
Evans: Hi, 4th - we can meet at 10:00.
Evans: And 11th - at 11:00. 
Margaret: Okey. And what about 18th?
Evans: I'm not sure about 18th. 
Evans: I might not be in town. 
Margaret: Okey, so we'll see. 
Evans: Yes. And I'll let you know next week. 
Margaret: If it's not 18th, maybe we could meet on 17th?
Evans: If I go away, I won't also be 17th.
Margaret: Okey, I get it. 
Evans: But we could meet 14th, if you like?
Margaret: Hm, I'm not sure whether I'm avaliable. 
Evans: So let's set these dates later, ok?
Margaret: Okey and we see each other 4th 10:00. 
Evans: Yes!",Margaret and Evans will meet on December 4th and 11th at 11:00.,NULL,0.0,1.0,Margaret and Evans will meet on December 4th and 11th at 11:00.,NULL,0.0,1.0,False,False,4.656,gpt-3.5-turbo-16k
13829899,"Catherine: We're going to visit uncle Steve, want to come with us?
Ben: why would I?
Catherine: He's family and we haven't seen him in a long time.
Ben: you know very well that I'm not fond of such visits
Ben: they stress me out
Catherine: Come on, even you can do it from time to time.
Ben: maybe I can but I don't want to
Ben: it will end the same way as usual
Ben: with me being pissed at everyone
Catherine: The boys want to see you
Ben: I can visit you and play with them some other day
Ben: I don't have to drive to another city to do it
Catherine: You know that he'll be disappointed?
Ben: uncle Steve?
Catherine: Yes.
Ben: I don't think so, we don't have anything in common
Ben: all he ever does is bothering me with stupid questions about my private life
Catherine: Maybe that's his way of showing that he cares about you
Ben: yes... sure... sometimes I wonder if you're thinking about what you type :P
Catherine: Depends on the day
Catherine: Today I'm tired so I can't guarantee it
Ben: you should rest then
Ben: instead of asking me to do stuff I don't like
Catherine: Alright, don't worry, I'll stop
Catherine: But still the part about the boys missing you was true
Catherine: So come and visit them when you'll have the chance
Ben: I will",Catherine and Ben are going to visit uncle Steve.,NULL,0.0,1.0,Catherine and Ben are going to visit uncle Steve.,NULL,0.0,1.0,False,False,6.4773,gpt-3.5-turbo-16k
13716512,"George: Yo! Who wants to go play basketball on Friday, 7 p.m.?
Robert: Count me in! 
Yousuf: Can I come half an hour later? I need to help my sister with her car.
George: No prob. Paul, u coming?
Paul: Hell yeah! I'll bring some beers too!
Robert: Sounds like a plan!","George, Robert and Yousuf will go play basketball on Friday, 7 p.m. Yousuf will be a half an hour late because he needs to help his sister with her car.",NULL,0.0,1.0,"George, Robert and Yousuf will go play basketball on Friday, 7 p.m. Yousuf will be a half an hour late because he needs to help his sister with her car.",NULL,0.0,1.0,False,False,5.0367,gpt-3.5-turbo-16k
13828901,"Igor: Shit, I've got so much to do at work and I'm so demotivated. 
John: It's pretty irresponsible to give that much work to someone on their notice period.
Igor: Yeah, exactly! Should I even care?
John: It's up to you, but you know what they say...
Igor: What do you mean?
John: Well, they say how you end things shows how you really are...
Igor: And now how you start, right?
John: Gotcha! 
Igor: So what shall I do then? 
John: It's only two weeks left, so grit your teeth and do what you have to do. 
Igor: Easy to say, hard to perform.
John: Come on, stop thinking, start doing! 
Igor: That's so typical of you!  ;)  ","Igor got a lot of work at work, because he's on his notice period. ",NULL,0.0,1.0,"Igor got a lot of work at work, because he's on his notice period. ",NULL,0.0,1.0,False,False,4.6279,gpt-3.5-turbo-16k
13828761,"Charlotte: Hello Paula, a funny question: how do you pronounce 'Natal lily', the name of the plant? It refers to the region of ZA and not to the word 'natal' as in 'his natal day', right?
Paula: Hi Charlotte, 'nu tell', 'nu' as in 'number'.
Charlotte: And the stress on the second syllable? Or the first?
Paula: 2nd
Charlotte: Thank you dear.
Paula: <file_other>
Charlotte: Lovely to hear your voice!!
Paula: :$
Paula: <file_other>
Charlotte: :X","""Natal lily"" is pronounced ""nawl-i-yah"".",extrinsic,0.8,0.9,"""Natal lily"" is pronounced ""nawl-i-yah"".",extrinsic,0.8,0.9,True,True,8.2465,gpt-3.5-turbo-16k
13612216,"Kim: Hey Ben, I see you are online today.
Ben: Hey
Kim: You are offly quite this days did you know that?
Ben: Nothing just having a downtime.
Kim: What‚Äôs that got on your post?
Ben: I think an internet place is look for programmers, Am I reading this right??
Kim: Let me see,.. You are right.
Ben: Umhh..
Kim: What are doing tonight Ben, pizza with coke ? Like we did it last time?
Ben: Oh no no we have got do that again for sure, do you mind if I get a rain check?
Kim: Sure, So, will I see you tonight.
Ben: I will give you a call.
Kim: I'll be waiting..",Ben is having a downtime. ,NULL,0.0,1.0,Ben is having a downtime. ,NULL,0.0,1.0,False,False,6.6488,gpt-3.5-turbo-16k
13716777,"Ethan: somethin for Scott <file_photo>
Toby: haha, totally
Marshall: pretty much sums it up
Scott: you know you're exactly fuckin the same
Toby: oh we know honey bunny
Marshall: we just enjoy making fun of YOU
Ethan: xD
Scott: oh fuck y'all
Toby: <file_gif>","Ethan, Toby and Scott are the same.",NULL,0.0,1.0,"Ethan, Toby and Scott are the same.",NULL,0.0,1.0,False,False,4.5986,gpt-3.5-turbo-16k
13611714,"Mark: Have you seen his new car?!!
Jeff: Dude, wtf, it's like insane. How the hell did he afford it???
Mark: No fucking clue, but the ride is legit
Jeff: Hell yeah, I'd drive this baby
Mark: Over my dead body:D I gotta be first one to try it out
Jeff: Yeah, you wish:D 
Mark: wanna bet he'll let me first:D?
Jeff: 100 bucks dude, I'll bet your ass:D 
Mark: hahaha deal!",Mark and Jeff are shocked by his new car. They wonder how he could afford it.,NULL,0.0,1.0,Mark and Jeff are shocked by his new car. They wonder how he could afford it.,NULL,0.0,1.0,False,False,5.1001,gpt-3.5-turbo-16k
13731261,"Alec: Have you seen the last America's got talent?
Alexa: No. 
Alexa: Interesting? 
Alec: <file_other>
Alexa: The link doesn't work. 
Alec: Give me a sec.
Alec: <file _other>
Alexa: Now it's working!
Alec: good, watch it, u'll like it
Alexa: you're right, I like it :)
Alexa: The girl is amazing!
Alec: :)
Alexa: I wish I have had half her skills when I was her age! 
Alec: She's very good, that's true. 
Alec: I even thik she might win the edition.
Alexa: Did you see all candidates?
Alec: yes
Alec: And there're a few good, but I personally think she's the best!
Alexa: I'd be glad if she wins :)",Alexa hasn't seen the last America's got talent yet.,extrinsic,0.5,0.8,Alexa hasn't seen the last America's got talent yet.,NULL,0.0,1.0,True,False,5.8465,gpt-3.5-turbo-16k
13829367,"Lincoln: I think I've broken your toilet seat. :(
Lincoln: I'm so sorry, I'll buy and install a new one.
Hudson: Can't it be fixed?
Hudson: Send me a pic.
Lincoln: <file_photo>
Hudson: Hmm, it seems like you've broken a hinge.
Hudson: I'll try to replace it with a new one and I'll let you know, if it works, ok?
Lincoln: Ok. I'm so sorry. :(
Lincoln: Are you mad at me?
Hudson: No, of course I'm not. You know: shit happens. ;) 
Lincoln: Then maybe at least I'll buy this new hinge?
Hudson: It literally costs pennies.
Hudson: Really, don't worry about this, it's not a big deal. ;)
Lincoln: :)","Lincoln broke Hudson's toilet seat, so he'll send him a new one. ",NULL,0.0,1.0,Lincoln broke Hudson's toilet seat and will send him a new one. ,NULL,0.0,1.0,False,False,6.8963,gpt-3.5-turbo-16k
13828505,"Amber: Hi Erin, guess what, John and Annie are coming back to London!
Erin: Hi Amber, wow that's news.
Erin: What caused the change of plans?
Amber: John lost his job in Germany! 
Erin: What :O Seriously?
Amber: Yeah, his whole team got liquidated.
Erin: No way!?
Amber: Yeah, and he was the only one who received an offer from the company to be relocated back to London.
Erin: OK, well at least he's not unemployed.
Amber: But he didn't accept it.
Erin: Why not?!
Amber: B/c they only offered him the job after a month & during that time he started searching for a new one.
Amber: He got a better offer from a different IT company in London.
Erin: Well good for him! 
Erin: Since they weren't able to appreciate his work and they didn't offer him something right away.
Amber: Exactly, but you know what this means for me?
Erin: You're going to have to search for a new flat...
Amber: Yup, we had an agreement that I would be renting their place until they returned from Germany.
Amber: But you know, they planned to be there for at least 5 yrs.
Erin: I can imagine that Annie isn't happy with this turn of events.
Amber: She's pretty pissed off.
Amber: I mean the plan was to save up for a house and only then come back to London.
Amber: She had already enrolled in German classes & they were starting to feel at home there.
Erin: That's too bad. Sometimes life turns out to be unpredictable.
Erin: If you need somewhere to stay for a while, you can always stay at my place.
Amber: Thanks Erin! Annie already told me not to worry, that I can stay with them until I don't find something new.
Amber: But I've already started searching.
Erin: Good luck and let me know if you need any help!
Amber: Thanks, ttyl.
Erin: Bye!","John lost his job in Germany, so he's coming back to London with Annie.",NULL,0.0,1.0,"John lost his job in Germany, so he's coming back to London with Annie.",NULL,0.0,1.0,False,False,5.5372,gpt-3.5-turbo-16k
13681619,"JP: What's new?
Samara: Not much.
JP: Oh.
Samara: Want to play?
JP: Nah. Gotta go to work.
Samara: K, see ya!",JP can't play with Samara because he has to go to work.,NULL,0.0,1.0,JP can't play with Samara because he has to go to work.,NULL,0.0,1.0,False,False,7.4023,gpt-3.5-turbo-16k
13821583,"Laura: Hey I have bad news 
Kristian: Is your mom ok? 
Laura: She passed away this morning
Laura: üò≠
Kristian: Oh noo
Kristian: My condolences so sorry!
Anne: I am so sorry to hear that 
Laura: She fought hard
Laura: It was a hard battle
Kristian: You want us to come see you? 
Anne: We want to spend more time with u now
Laura: Sure
Anne: Stay strong girl ",Laura's mom passed away this morning. ,NULL,0.0,1.0,Laura's mom passed away this morning. ,NULL,0.0,1.0,False,False,7.7401,gpt-3.5-turbo-16k
13812250,"Pat: Hi, it's Pat here. I have a slight delay, a couple of hours, so I will come in the evening, around 9pm. I hope it is not a problem...
Bart: Hi, no, not at all :) you didn't catch the train?
Pat: hehe, no. I thought today i was free from work, but i got another project to finish. So i will be tomorrow morning. Im sorry for those changes, i myself am surprise.
Bart: hahaha a tiny regret. Will you manage to get here on your own?
Pat: yeah, its ok. what would you suggest? if you could come and unlock the door, it would be great, but i can walk around the city as well.
Bart: of course I will open it for you. I can work in the morning from home. No problem. So we see each other tomorrow?
Pat: Thank you so much! haha
Bart: Are you a painter?
Pat: I hope I will eventually get in that train. Nope.
Bart: I thought you were.
Pat: this project is a stage project :)
Bart: Ah alright, youll tell all about it tomorrow :))
Pat: OK,, later",Pat will be in the evening around 9 pm.,NULL,0.0,1.0,Pat will be in the evening around 9 pm.,NULL,0.0,1.0,False,False,6.7186,gpt-3.5-turbo-16k
13728444-1,"Maddie: I'm in Asda, do you need anything?
John: could do with a white bread and some apples 
Maddie: ok. Gala?
John: yes please ta",Maddie's in Asda. John wants her to buy him white bread and gala apples.,NULL,0.0,1.0,Maddie will get some white bread and Gala apples for John.,NULL,0.0,1.0,False,False,6.5836,gpt-3.5-turbo-16k
13729824,"Wendy: I think the upstairs toilet might be blocked.
David: Oh NO! NOT AGAIN!
Wendy: I'm not sure if it is but it is not draining very well.
David: Then it probably is blocked.
David: You haven't like flushed any tampons or pads down there?
Wendy: Of course not!
Wendy: I know not to do that.
Wendy: Do you think I'm that stupid?
David: Didn't say that. I was just checking.
David: That toilet is a major issue ever since we got the house.
Wendy: Yeah, where are the good old days of renting where you ring the landlord and it is his problem! :-P
David: Hahaha! True!
David: Did you call the plumber already?
Wendy: No. I don't think we can afford to pay the plumber this month.
David: Fuck! Don't you have anything left in the kitty?
Wendy: Well I did but then it was my sisters birthday and I had to get a present...
David: So, what are we supposed to do now then?!
Wendy: Wait until next paycheck? Fix it ourselves?
David: Great :-/  just fucking great. grrr!",David and Wendy will have to fix the blocked toilet.,NULL,0.0,1.0,David and Wendy will have to fix the blocked toilet.,NULL,0.0,1.0,False,False,6.1787,gpt-3.5-turbo-16k
13730484,"Molly: D‚Äë':
Luca: What???
Molly: I can't think anymore today!
Luca: LOL!
Molly: Seriously!
Luca: Deep breath...
Molly: It's the silly season, isn't it?
Luca: Yep. Just hang in there.
Molly: Trying...
Luca: Try harder! LOL!
Molly: Driving me nuts!
Luca: I know, but you can't let it get you down!
Molly: Yeah, you're right.
Luca: Of course I am! LOL!
Molly: Modest, too.",Molly can't think anymore today. ,NULL,0.0,1.0,Molly can't think anymore today. ,NULL,0.0,1.0,False,False,6.4993,gpt-3.5-turbo-16k
13812001,"Julie: <file_photo>
Emily: <3 Julie Love, i'm sending tons of kisses :* :* :* üéÑüéÑüéÑ
Julie: Merry Christmas and a lovely mood throughout  the whole year, darling
Emily: Thank you, for you too <3
Julie: Thanks :* <file_photo> <file_photo>",Emily and Julie wish each other merry Christmas.,NULL,0.0,1.0,Julie sends a photo of her Christmas card to Emily.,NULL,0.0,1.0,False,False,4.3558,gpt-3.5-turbo-16k
13681139,"Luke: are you still looking for someone to join netflix family?
Paul: yes, 1 person :)
Luke: i am the one!
Paul: sure, i will send you the login and password on sunday
Luke: ok we can talk tomorrow
Paul: i don't really remember it now
Luke: send me also the bank account details so I can wire you the money every month. Are you paying for this or someone else?
Paul: I do, and I keep track of everyone accessing so you should not expect any bans :D
Luke: easy mate :D you still on holidays with your girl?
Paul: last dinner :( tomorrow we are out
Luke: how long have you been there?
Paul: less than 8 days :/",Paul will send Luke the login and password on Sunday.,NULL,0.0,1.0,Paul is going to send Luke the login and password for Netflix family on Sunday.,NULL,0.0,1.0,False,False,6.5424,gpt-3.5-turbo-16k
13810073,"Mike: dude, wendy has grown prettier
Dave:üòÇüòÇüëç
Mike:üòçüòç
Dave: i know right?
Mike: yeah, since she came from Houston, she looks like an angel
Dave: i'll have to hit on her soon
Mike: haha, stay off, i hear Jerry is her lover
Dave: reallyüòï
Mike: yeah
Dave: since when
Mike: haha, i dont know, but you can push your luck
Dave: haha, i will
Mike:üòâ good luck
Dave: yeah, ill need it",Wendy up in Houston.,NULL,0.0,1.0,Mike.,NULL,0.0,1.0,False,False,5.2844,gpt-3.5-turbo-16k
13729275,"Keira: How come it started with wildangel3 then went to 1 wouldn't it make more sense to go from 1 to 2 and then 3? 
Lois: yeah, i couldn't get onto my aacount for some bizar reason
Lois: but I'm thinking of deleting both - i mean, I created it when I was 10!
Keira: I figured ^^
Lois: Mean
Keira: <file_gif>
Lois: yeah yeah
Lois: btw, I saw your sister in town the other day
Keira: WHAT?! She's grounded for the month
Lois: SOmeone's in trouble...
Lois: You gonna tell on her?
Keira: Maybe... I'm kinda mad at her right now >:(","Keira and Lois are wondering why the wildangel numbering system went from number 3 to 1 and then back again. Lois thinks it might have something to do with the numbering system, but Keira can't",NULL,0.0,1.0,"Keira and Lois are wondering why the wildangel numbering system went from number 3 to 1 and then back again. Lois thinks it might have something to do with the numbering system, but Keira can't",NULL,0.0,1.0,False,False,5.6827,gpt-3.5-turbo-16k
13717284,"Joe: This job is wearing me up
Tim: Oh no! I thought you love it
Joe: I do, but because of it they give me more work
Sam: Shit, this sucks man, don't let it burn you out
Tim: Exactly, like my friend Terry
Joe: What did he do?
Tim: Quit eventually, but he had trouble sleeping, constantly tired, and turned out to have an ulcer
Joe: Fuck! I gotta slow down",Joe's job is sucking him up because he has more work.,NULL,0.0,1.0,Joe's job is sucking him up because he has more work.,NULL,0.0,1.0,False,False,5.5506,gpt-3.5-turbo-16k
13821684,"Joyce: Check this out!
Joyce: <link>
Michael: That's cheap!
Edson: No way! I'm booking my ticket now!! ","Edson is booking a ticket for himself, Michael and Joyce.",NULL,0.0,1.0,"Edson is booking a ticket for himself, Michael and Joyce.",NULL,0.0,1.0,False,False,6.7949,gpt-3.5-turbo-16k
13827939,"Martin: Uhhh, babe, we need to talk
Nicole: What's wrong?
Martin: I'd rather tell you in person, when can we meet up?
Nicole: I'm afraid I'll be kind of busy the next few weeks, a lot of people at my work quit so it's been hell
Nicole: Can't you just tell me now??
Martin: I don't know, it just doesn't feel right...
Nicole: Oh God, just tell me already!! What is it
Nicole: Do you wanna break up? Is there someone else?
Martin: No one! I swear
Nicole: Huh... you didn't say no to the break up part though
Martin: I mean... it's not that I want to but... I guess that depends on you... because there's something you should know
Nicole: What is it... You're making me anxious
Martin: I'm, well... I'm asexual
Martin: I thought you should know because... well... I know it can be a problem in a relationship
Martin: I just wouldn't want you to feel unhappy with me
Martin: It's not like I can't have sex, but it's just not the same for me as for other guys, I guess
Martin: I love you but I want you to be happy, so I thought you should know
Nicole: Well... I'm a little speechless, that's not what I expected, but I don't think it has to be a problem... I don't want to break up like this, let's give it a try first",Martin needs to talk to Nicole. Nicole and Martin will meet on Friday at 7.,NULL,0.0,1.0,Martin needs to talk to Nicole. Nicole and Martin will meet on Friday at 7.,NULL,0.0,1.0,False,False,7.0634,gpt-3.5-turbo-16k
13682100,"Stewart: Can you believe he even said that about the forests? Raking? Really?
Shari: Yes. I can believe that this is an ignorant man. He proves it daily. This just one more example!
Stewart: He just has no clue.
Shari: I mean, there are so many people dead and all he can think to do is criticize the forestry department? With a totally inappropriate suggestion? Puhleeze.
Stewart: I can't wait to vote for anyone else but him.
Shari: I know what you mean. Half my friends voted for him just to see what would happen! Well, guess what?
Stewart: Yeah, but we couldn't go another 4 years with a Democrat. The country would go broke!
Shari: Maybe, but at least we wouldn't be hated around the world and led by an ignorant piece of shit!
Stewart: You've got a point!
Shari: I'm not sure he will finish out his term, with all the legal problems, but he seems to be able to hold off the big stuff. Somehow.
Stewart: I know. How is that even possible?
Shari: I'm not sure. I mean, he's breaking amendments to the constitution here!
Stewart: Only on the fringe.
Shari: Maybe.
Stewart: We have to make the best of it now. Nothing we can do.
Shari: Except vote him out!
Stewart: Exactly. But that's not for a while.
Shari: Closer every day. If only there was a good candidate.
Stewart: From your mouth to the Dem National Committee's ears!
Shari: LOL!
Stewart: We should volunteer. Get out the voters or something.
Shari: Good idea.
Stewart: Let me see what's out there and I'll let you know.
Shari: Great! ","Stewart thinks he's ignorant, Shari thinks he's just misinformed.",NULL,0.0,1.0,"Stewart thinks he's ignorant, Shari thinks he's just misinformed.",NULL,0.0,1.0,False,False,8.2398,gpt-3.5-turbo-16k
13612154,"John: Look, Bristol Stool Scale - perfect to read in the morning. <file_photo>
Henry: :-/
John: I was expecting a pic of your poop 
Henry: No, sorry :(
John: Constipations are the worst!
Henry: no no, I had a nice poop this morning! I never really am constipated.
John: My man! :D
Henry: Maybe I should write it on my tinder profile? ""Never really constipated""
John: I think it's a good metaphor.
Henry: About emotions etc?
John: Yes, like very psychoanalytic. And showing you're not pretentious.
Henry: Hehe. Maybe still not the best strategy overall though.","Bristol Stool Scale, a paper on how to take care of your poop.",extrinsic,0.8,0.9,John shares a picture of the Bristol Stool Scale with Henry.,NULL,0.0,1.0,True,False,8.3681,gpt-3.5-turbo-16k
13810034,"Ali: I think I left my wallet at your place yesterday. Could you check? 
Mohammad: Give me a sec, I'll have a look around my room.
Ali: OK.
Mohammad: Found it!
Ali: Phew, I don't know what I'd do if it wasn't there. Can you bring it to uni tomorrow?
Mohammad: Sure thing.",Ali left his wallet at Mohammad's place yesterday. Mohammad found it. ,NULL,0.0,1.0,Ali left his wallet at Mohammad's place yesterday. Mohammad found it. ,NULL,0.0,1.0,False,False,4.7885,gpt-3.5-turbo-16k
13729106-1,"Jill: So bored!
Nate: Well... can't help you there
Nate: Still at work
Jill: ugh I need to find a job
Jill: I've watched everything on youtube already
Nate: Doubt it :P I'll call you when I get off work",Jill feels bored.,NULL,0.0,1.0,Jill feels bored.,NULL,0.0,1.0,False,False,5.1836,gpt-3.5-turbo-16k
13716120,"Madison: <file_other>
Madison: I saw this offer today
Adam: Thailand??
Madison: Exactly
Adam: Not to expensive??
Madison: Tickets cost pretty penny, but the rest is extra cheap
Taylor: And children under 12 --> 50% off
Jordan: Seems ok","Adam, Madison and Taylor will go to Thailand together.",NULL,0.0,1.0,"Adam, Madison and Taylor will go to Thailand together.",NULL,0.0,1.0,False,False,19.1681,gpt-3.5-turbo-16k
13682034,"Danna: How's your Saturday?
Reed: It was alright thanks
Danna: Good
Reed: Yours ?
Danna: Boring
Reed: Why?
Danna: I'm angry I called maybe 5-8 of my friends and they aren't around or are busy.
Reed: Shame
Danna: So it's is the next boring weekend for me
Reed: That sucks
Danna: The only thing I can do is watching TV -.-
Reed: Haha lucky you
Danna: Yeah haha
Reed: I don't have tv, our subscription expired and they never renewed it. They want us to pay for it so fuck it
Danna: Yeah. What are you doing?
Reed: I'm in bed
Danna: Work tomorrow?
Reed: No. Off tomorrow
Danna: Nice
Reed: Indeed","Danna called maybe 5-8 of her friends on Saturday and none answered, so she was bored.",NULL,0.0,1.0,"Danna called maybe 5-8 of her friends on Saturday and none answered, so she was bored.",NULL,0.0,1.0,False,False,5.6925,gpt-3.5-turbo-16k
13814648,"Alexa: I want to confess something
Hunter: What is it?
Alexa: I asked Ethan to Insult you :(
Hunter: But why did you do that?
Alexa: I was too jealous to see you with Ethan that day, dats why :(
Hunter: But you could just ask me not to do something if you dont want me to?
Alexa: We would talk about it tomorrow",Alexa is very sorry for the hurt she caused Hunter.,NULL,0.0,1.0,Alexa is very sorry for the hurt she caused Hunter.,NULL,0.0,1.0,False,False,4.7084,gpt-3.5-turbo-16k
13717250,"Johnatan: yoo guys
Darren: B-)
Lucas: hey wassup
Johnatan: beer? now?
Darren: hell yeah B-)
Lucas: I'm free in the evening","Johnatan, Darren and Lucas are going to have some beer tonight.",NULL,0.0,1.0,"Johnatan, Darren and Lucas are going to have some beer tonight.",NULL,0.0,1.0,False,False,4.6997,gpt-3.5-turbo-16k
13863202,"Kristian: Adidas Or Nike?üòÉ
Tabora: Adidas(ÔºæÔΩñÔºæ)
Kristian: Watermelon or orange?üòÉüòÉ
Tabora: Orange(ÔºæÔΩñÔºæ)
Kristian: Superman or batman?üòÉüòÉüòÉ
Tabora: Batman(ÔºæÔΩñÔºæ)
Tabora: What are we doing now?
Kristian: Just playing gamesüòÉüòÉüòÉüòÉ
Kristian: Wanna keep going?üòÉ
Tabora: Sure! It is kinda fun!(*^0^*)
Kristian: Films or books?üòÉüòÉüòÄüòÄüòÄüòÄüòÄüòÄ
Tabora: Films!(ÔºæÔΩñÔºæ)
Tabora: When is my turn?",Tabora chooses Batman.,extrinsic,0.8,0.9,Tabora chooses Batman.,extrinsic,0.5,0.8,True,True,4.8291,gpt-3.5-turbo-16k
13819098,"Claire: Check this out :)))
Claire: <file_other>
Maria: !!
Nicole: Absolutely perfect for you!!
Claire: I guess so
Claire: But it could be a bit darker, cause this color is not very vivid
Nicole: Noooooo, I think this color is perfectly good for the bride
Maria: And it's no that expensive :)))
Claire: Yes, the price appeals to me xD
Nicole: You should order that dress
Nicole: I think you won't regret
Maria: Don't hesitate, it's incredibly beauty!!
Claire: Ok, if you say so :))",Claire sends Maria and Nicole an image of her new haircut.,extrinsic,0.8,0.9,Claire sends Maria and Nicole an image of her new haircut.,extrinsic,0.8,0.9,True,True,8.1635,gpt-3.5-turbo-16k
13682188,"Ty: do you speak French?
Veronica: no 
Ty: pity, I need a translator ",Veronica does not speak French. Ty needs a translator.,NULL,0.0,1.0,Veronica does not speak French. Ty needs a translator.,NULL,0.0,1.0,False,False,5.5696,gpt-3.5-turbo-16k
13716051,"Inez: My dears, our evening inspired me to create this group conversation to plan further Food Evenings :)
Inez: This is my proposal for the next one: <file_photo>
Alicja: Wow, I will actually feel happy going to work thanks to this :D
Gosia: Happy going to work and even happier leaving it haha
Alicja: Just too bad that the time between 9 and 17 will be wasted :P
Patrycja: I really liked our evening, even the pizza was delicious :) How did you girls like it?
Inez: I loved it, Gosia really chose a great place :)
Gosia: I am an expert at eating :D
Alicja: Have you been to this restaurant Inez sent?
Gosia: No, it is quite new. But I heard good opinions! :D
Patrycja: And it fits with our theme of exploring world cuisines :)
Alicja: First Italy, now Korea! :D
Inez: So when could we do this again?
Gosia: I am not sure, but we have to before the holidays!
Patrycja: We should have less work in two weeks, we could go again on Wednesday?
Alicja: Sounds good to me!
Inez: Me too :D",Inez and Alicja liked Food Evenings so much that she wanted to plan further ones.,NULL,0.0,1.0,Inez suggests organizing food evenings more often.,NULL,0.0,1.0,False,False,7.5298,gpt-3.5-turbo-16k
13681870,"Miley: don't want to go to work tomorrow!
Miley: wanna sleep!!!
Miley: need some rest :(
Aaron: know what u feelin
Aaron: really want some holiday already
Miley: :(
Aaron: fighting girl!",Miley doesn't want to go to work tomorrow. She wants to sleep. Aaron also wants some holiday.,NULL,0.0,1.0,Miley doesn't want to go to work tomorrow.,NULL,0.0,1.0,False,False,4.8188,gpt-3.5-turbo-16k
13680843,"Ann: hello Katie, thank you so much for hosting Tim monday evening and for dropping him at the railway station next morning. Here is mobile number... .I 'll confirm you , but again and in advance: thanks a lot
Katie: Hello Ann, i didn't realise but we spend a week end together 20 years ago in Saint Fargeau!!!
Ann: it goes back so long... but it's possible
Ann: It's true that i know Ben since school.
Katie: as far as i'm concern i remember very well this week end as i had a very good friends call Ann Cairns ( like you)üòú, Erik's wife
Ann: Erik's wife? of course he's my cousin, and Ann his wife is the cousin of one of my best friend... Small word
Katie: indeed
Ann: Hi Katie, is it still ok for hosting my son tomorrow? You may send him a text to tell him where you want to pick him up. Thanks so much
Katie: Yes Ann, i'll send a text to your son for tomorrow.
Ann: Thanks. Funny you also know Stef and Leo, friends of us in Berlin. But it's true they lived in Reims before
Katie: your son is really nice. don't hesitate to contact me again if needed.",Ann is grateful to Katie for hosting Tim on Monday night and dropping him off at the railway station the next morning.,NULL,0.0,1.0,Ann will confirm Katie that she is hosting Tim on Monday evening.,NULL,0.0,1.0,False,False,7.0631,gpt-3.5-turbo-16k
13730619,"Jack: Can you buy butter?
Thomas: Sure
Jack: Thanks. When are you coming home?
Thomas: I'm on my way
Jack: Ok, I'll wait with cooking until you come
Thomas: What are you making?
Jack: A mushroom soup.
Thomas: Tasty!",Thomas will buy butter for Jack.,NULL,0.0,1.0,Thomas will buy butter for Jack.,NULL,0.0,1.0,False,False,4.4934,gpt-3.5-turbo-16k
13811007,"Jake: Holly ru coming tonight?
Holly: tbh I don't feel well
Holly: I think I caught flu
Jake: oh no, I was so excited that everyone would be here
Holly: I know, sorry
Holly: but I srsly feel shitty..",Holly has caught flu and is not coming tonight. Jake was very excited.,NULL,0.0,1.0,Holly has caught flu and is not coming tonight. Jake was very excited.,NULL,0.0,1.0,False,False,3.6738,gpt-3.5-turbo-16k
13828929,"Henny: <file_gif>
Henny: Dear Frances, something beautiful and funny for a good New Year!
Frances: It is so wonderful!!!! Thank you.
Frances: For you too - all the best in 2019!
Frances: <file_photo>
Henny: Thanks, a lovely view.  Is it near you?
Frances: Am just back from the Vosges. It was a view we had from our sitting room. The farm house (turned into a holiday flat) was just superb. Here a few pics:
Frances: <file_photo>
Henny: That looks superb. Far from maddening crowd?
Frances: That's it. Absolutely quiet, no banging on the New Year's Eve, no busy roads.
Henny: So Aiden was a happy dog.
Frances: Totally. Ferdinand too. We, the tree of us, had a great week there. And didn't even spend much money.
Henny: Did you cook?
Frances: Partly. Ferdinand. But we also had meals in a local. Was exceptionally tasty!
Henny: Duce France!
Frances: C'est ca!",Henny wishes Frances a good New Year.,NULL,0.0,1.0,Henny wishes Frances a good New Year.,NULL,0.0,1.0,False,False,5.4743,gpt-3.5-turbo-16k
13730545,"Sam: hi, i need a help
Sarah fashion: hello how can i help?
Sam: Actually i was looking for a nice black dress for my wife, i mean i dont want the in-store product..
Sarah fashion: Yes sir, we make dresses on order as per customer requirements.
Sam: yeah i saw that option on the web page, actually its a surprise gift for her, but i have no idea what should be the requirements of the dress.
Sarah fashion: oh in that case why dont you choose something ready made sir
Sam: Actually i want something different for her something she has not seen before
Sarah fashion: that nice, do you have any sketch in your mind it would be easier to help 
Sam: yes that it should be a dress, black in color decent and elegant, and.... thats it :(
Sarah fashion: :) dont worry Sir we will try to help you as much as we can but you have to choose between the choices we give you
Sam: Sure.
Sarah fashion: Would you mind coming to the store? or you want to place order here only?
Sam: i was wondering if i could get help and decide i would place order right here...
Sarah fashion: Sure sir i am sending you few pictures you can mix and match the designs and that way we would be able to create a new design?
Sam: that sounds like a good idea..
Sarah fashion: <file_photo><file_photo><file_photo><file_photo><file_photo><file_photo><file_photo><file_photo>
Sam: wow! they are all so good but they are available for every one right?
Sarah fashion: yes sir!
Sam: ok so i want the cut that is in <file_photo> sleeves like this<file_photo> length and buttons <file_photo>
Sarah fashion: Nice choice sir, your product number is 898998 now you can order on the website with this product number and the same procedure would be applied to your order.
Sam: Thank you so much, i didnt know it was so easy.
Sarah fashion:  Your welcome sir, We are glad your liked the service and we hope you like the dress too. 
Sam: :)",Sam wants to buy a black dress for his wife but he wants something different than a regular product.,NULL,0.0,1.0,Sam wants to buy a black dress for his wife but he wants something different than a regular product.,NULL,0.0,1.0,False,False,4.5099,gpt-3.5-turbo-16k
13821420,"Emily: Does anybody now where the next ASEEES conference takes place?
Chloe: Actually I have no idea, but a good question
James: I've heard somewhere in California
James: Yes, San Francisco!
Chloe: not bad, but I really hoped for Hawaii 
James: hahaha, oh yes, but it won't happen too soon
Chloe: why do you think so?
James: The last conference there in 1993 was criticised for the high costs of traveling to the place
Chloes: I see, pity","Emily, Chloe and James are going to attend the ASEEES conference in San Francisco.",extrinsic,0.8,0.9,"Emily, Chloe and James are going to attend the ASEEES conference in San Francisco.",extrinsic,0.8,0.9,True,True,8.6334,gpt-3.5-turbo-16k
13829902,"Geri: I need to buy some new shoes
Hilary: what kind?
Geri: some nice heels
Geri: something sexy
Hilary: I sa spome great ones at the mall yesterday
Geri: great! thanks
Geri: wanna go together check them out
Hilary: ok maybe 2morrow
Hilary: after work?
Geri: sounds good
Geri: we can get some frozen yogurt
Hilary: Oh yeah
Hilary: I love that place!
Geri: it's been a while since I had some
Hilary: it's a plan
Geri: ok I'll be in touch
Hilary: ok :)",Geri wants to buy some nice heels. Hilary saw some great ones at the mall yesterday.,NULL,0.0,1.0,Geri wants to buy some nice heels. Hilary saw some great ones at the mall yesterday.,NULL,0.0,1.0,False,False,9.0111,gpt-3.5-turbo-16k
13821299,"Natalie: Could anybody check if my wallet is in my room?
Jenny: I'm not home
Tobias: It's here <file_photo>
Natalie: phew",Natalie's wallet is in her room.,NULL,0.0,1.0,Natalie's wallet is in her room.,NULL,0.0,1.0,False,False,4.7794,gpt-3.5-turbo-16k
13728442,"Ernest: hey Mike, did you park your car on our street?
Mike: no, took it into garage today
Ernest: ok good
Mike: why?
Ernest: someone just crashed into a red honda looking just like yours
Mike: lol lucky me",Mike's car was crashed today.,NULL,0.0,1.0,Mike's car was crashed today.,NULL,0.0,1.0,False,False,4.5945,gpt-3.5-turbo-16k
13681241,"Jair: Still busy?
Callum: Yes a little sorry
Jair: ok",Callum is busy.,NULL,0.0,1.0,Jair is still busy so won't talk with Callum just yet.,NULL,0.0,1.0,False,False,5.1933,gpt-3.5-turbo-16k
13821155,"Natalie: Well well weeeeeell, I see somethings going on here at last
Martin: (Y)
Adam: any confirmed data?
Anna: Hello everyone!!! Id love to invite everybody to my bday. I would be extremaly happy if you could come 6th of November at 1930
Martin: <3
Margot: <3
Mia: (Y)",Anna is throwing a birthday party.,NULL,0.0,1.0,Anna is throwing a birthday party.,NULL,0.0,1.0,False,False,4.6471,gpt-3.5-turbo-16k
13716964,"Benjamin: Hey guys, what are we doing with the keys today?
Hilary: I've got them. Whoever wants them can meet me at lunchtime or after
Elliot: I'm ok. We're meeting for the drinks in the evening anyway and I guess we'll be going back to the apartment together?
Hilary: Yeah, I guess so
Daniel: I'm with Hilary atm and won't let go of her for the rest of the day, so any option you guys choose is good for me
Benjamin: Hmm I might actually pass by at lunchtime, take the keys and go take a nap. I'm sooo tired after yesterday
Hilary: Sounds good. We'll be having lunch with some French people (the ones who work on the history of food in colonial Mexico - I already see you yawning your head off)
Benjamin: YAAAAWN üôä Where and where are you meeting?
Hilary: So I'm meeting them at the entrance to the conference hall at 2 pm and then we'll head to this place called La Cantina. Italian cuisine, which is quite funny, but that's what they've chosen
Benjamin: Interesting üò± To be honest, Hilary, I almost feel like changing my mind. Wanting to take this nap might end up costing me to dear
Hilary: Oh come on üòÇ
Benjamin: All these terrible obstacles on mu way to bed might just prove to much to take
Hilary: We'll try to avoid talking about their subject of research. Oh wait, no, I'm actually meeting them because I wanted to chat about their research lol
Elliot: üôâ
Hilary: Do join us, we're going to have fun. And then you'll take the keys and take this most deserved of naps
Elliot: Sounds like a plan üòÇ
Hilary: üòé
Elliot: See you at 2 then xx",Benjamin and Elliot will meet Hilary at lunchtime.,NULL,0.0,1.0,Benjamin and Elliot will meet Hilary at lunchtime.,NULL,0.0,1.0,False,False,5.0715,gpt-3.5-turbo-16k
13821656,"Sosie: What's your flat apartment number again?
Kyra: 187
Sosie: thanks! Will be there in 5 mins
Kevin: Hurry up! 
Kevin: We're all waiting :P",Kyra's apartment number is 187. Sosie will be there in 5 minutes. ,NULL,0.0,1.0,Kyra's apartment number is 187. Sosie will be there in 5 minutes. ,NULL,0.0,1.0,False,False,4.413,gpt-3.5-turbo-16k
13810012,"Serena: Have you been to the doctor lately?
Jeff: No, why?
Serena: Just wondering what he says about your skin condition?
Jeff: It's fine right now. 
Serena: That's good!
Jeff: The cold weather sets it off and if I eat too much of the wrong foods, but otherwise fine.
Serena: So you don't have to be on meds?
Jeff: Not all the time. Why?
Serena: Tina has the same thing and takes meds on the daily.
Jeff: She must have a different kind than me or a worse kind.
Serena: I guess so.
Jeff: It sucks, but it doesn't have to be every day.
Serena: That's good. I'll tell her. That will cheer her up!
Jeff: Good! Tell her to hang in there. She can call me if she has any questions.
Serena: Thanks!","Jeff hasn't been to the doctor recently to check up his skin condition, which is fine right now.",NULL,0.0,1.0,"Jeff hasn't been to the doctor recently to check up his skin condition, which is fine right now.",NULL,0.0,1.0,False,False,5.214,gpt-3.5-turbo-16k
13731177,"Parker: yo do you know anything 'bout the arrowverse
Jason: yea
Parker: do you know its all connected to the DC Universe
Jason: that wasn't really hard to know Park
Parker: yea man i know, still..
Jason: you like the dc universe better than the marvel right?
Parker: obviously
Jason: yea me too
Parker: btw have you downloaded the latest episode of arrow season 7
Jason: its still downloading
Parker: text me when its done
Jason: dont come without a usb
Parker: yea i know -_-
Jason: cool",The arrowverse is connected to the DC Universe. Jason knew that.,NULL,0.0,1.0,The arrowverse is connected to the DC Universe. Jason knew that.,NULL,0.0,1.0,False,False,7.7572,gpt-3.5-turbo-16k
13819108,"Jose: merry christmas!
Ricky: Merry Christmas!
Amanda: Happy holidays!
Amanda: And a happy new year
Ricky: 2019 will be awesome!!
Ricky: So many adventures to come!!
Jose: I can't wait for the summer to come
Amanda: Me too!!
Ricky: I'm excited to go to Cuba
Jose: I'm more than happy to be your guide
Amanda: 2019 will bring us lots of traveling
Jose: Cuba, Mexico, Thailand!
Amanda: And more!","Jose, Ricky and Amanda wish each other merry Christmas and happy holidays.",NULL,0.0,1.0,"Jose, Ricky and Amanda wish each other merry Christmas and happy holidays.",NULL,0.0,1.0,False,False,7.5841,gpt-3.5-turbo-16k
13728981,"Calum: Oh, please. There's an ad coming up to be a computer investigator and you can earn almost 80 thou.
Bethany: Riiiiight! Where?
Calum: Exactly. 
Bethany: I mean, that's pretty specialized. Could be true.
Calum: Doubtful.
Bethany: At any rate, specialized so that equals hard to find a job in.
Calum: Yep. You'd be on the help desk in no time! LOL!
Bethany: Better than asking if they want fries with that!
Calum: Only slightly!
Bethany: I can't imagine talking to stupid users all day.
Calum: Nightmare of epic proportions.
Bethany: No shit!
Calum: Putting it delicately!
Bethany: LOL!",There is an ad coming up to be a computer investigator and you can earn almost 80 thou.,NULL,0.0,1.0,There is an ad coming up to be a computer investigator and you can earn almost 80 thou.,NULL,0.0,1.0,False,False,4.438,gpt-3.5-turbo-16k
13728535,"Laura: Do you think you can tidy up my dreads for me this weekend?
Kas: Probably. Have to check my schedule with work first and let you know.
Laura: <file_photo>
Laura: <file_photo>
Laura: <file_photo>
Laura: They're really messy.
Kas: It'll take a couple of days to sort out the mess. I'll let you know tonight if I can do it.",Kas will let Laura know if he can do her hair this weekend.,NULL,0.0,1.0,Kas will let Laura know if he can do her dreads this weekend. Kas has to check his schedule first.,NULL,0.0,1.0,False,False,5.5351,gpt-3.5-turbo-16k
13812772,"Miriam: heyo
Miriam: when do you get back?
Pegah: hey hey
Pegah: I'm in class till 15:00 and then I work from 17:00 till about 21:30
Pegah: so I'll be back at 22:00 D:
Miriam: oh damn
Miriam: that's late!
Pegah: I know :( but I need as many shifts as possible
Pegah: I'm gonna be a zombie all week :(
Miriam: ok, well I asked coz I invited a few people over
Miriam: and was hoping you would be there too
Pegah: awwww
Pegah: well I can have a cup of tea with you when i get back lol
Miriam: I'll save you some wine as well :) ",Pegah will be back at 22.30. Pegah will be in class until 15:00 and then she will work until 21:30. ,NULL,0.0,1.0,Pegah is in class until 15:00 and then he works from 17:00 until about 21:30 P.,NULL,0.0,1.0,False,False,4.8143,gpt-3.5-turbo-16k
13829923,"Emma: Hi neighbour :)
Emma: Do you want to take a stroll with the little ones?
Abigail: Hey Emma :) I don't think that's a good idea.
Abigail: My smog alert app is showing that the norms have been exceeded by 30% today :O
Emma: Oh my, that sounds serious.
Emma: I need to install that app.",Abigail refuses to go with the little ones.,NULL,0.0,1.0,Abigail refuses to go with the little ones.,NULL,0.0,1.0,False,False,4.3672,gpt-3.5-turbo-16k
13813575,"Fiona: Are you free?
Tina: Yes, what's up?
Fiona: I'm trying to prepare a nice dinner for Chris and I thought that maybe I could prepare this tart of yours :)
Tina: I'm flattered!
Fiona: Well, it IS delicious :) Could help me do it?
Tina: Sure! It's not difficult. Do you have anything ready?
Fiona: I must admit I bought the crust...
Tina: Oh, ok :P Pity, but well, it's too late now.
Fiona: I tried making the filling once, but I finished with lemony scrambled eggs...
Tina: It happens, don't worry. The thing is that once you start adding eggs you can't stop mixing it, otherwise you'll end up with scrambled eggs.",Fiona is preparing dinner for Chris and needs some help with the tart. Tina'll help her.,NULL,0.0,1.0,Fiona is preparing dinner for Chris and needs some help with the tart. Tina'll help her.,NULL,0.0,1.0,False,False,6.0198,gpt-3.5-turbo-16k
13681594,"Ross: Don't judge me
Chandler: what, why?
Ross: I was thinking about tonight...
Chandler: yes?
Ross: and...
Chandler: Just say it or I'm gonna come and punch you
Ross: I wanna do karaoke
Chandler: hahhahaa
Ross: Karaoke is fun
Chandler: <file_gif>
Ross: No, but seriously, I'm sure girls are gonna love it too
Chandler: Ok but just this once
Ross: Deal
Chandler: And I can record everything
Ross: you wouldn't
Chandler: I will :D
Ross: Well okay, there's nothing wrong with having fun
Chandler: <file_gif>
Ross: :D
Chandler: Will you do George Michael?
Ross: OF COURSE
Chandler: hahaha",Ross and Chandler will meet tonight.,NULL,0.0,1.0,Ross and Chandler will meet tonight.,NULL,0.0,1.0,False,False,7.0367,gpt-3.5-turbo-16k
13682597,"Clint: are you better today?
Alice: not really
Alice: I have never had such a terrible flu 
Alice: I think I'm dying 
Clint: don't be silly 
Clint: it's just a flu 
Alice: I know but my whole body aches, I have fever and I'm sneezing all the time
Alice: I'm home for 10 days and it seems I need more
Clint: poor you :(
Clint: how is it possible that vaccine did not work?
Alice: I haven't taken any vaccine 
Clint: why? 
Alice: I don't know, just forgotten 
Alice: and now I have consequences :(",Alice still feels awful even though she's on the mend.,NULL,0.0,1.0,Alice still feels awful even though she's on the mend.,NULL,0.0,1.0,False,False,4.7708,gpt-3.5-turbo-16k
13681082,"Agatha: My presentation is ready as we speak :)
Adam: oh cool, what course?
Agatha: Economics.
Adam: Is it interesting? I mean... your presentation.
Agatha: Definitely, I used recent research.
Adam: Sounds like you know what you're doing :P
Agatha: I'm just really into economics :)
Adam: no doubt about that",Agatha's presentation for Economics is ready.,NULL,0.0,1.0,Agatha's presentation for Economics is ready.,NULL,0.0,1.0,False,False,4.7923,gpt-3.5-turbo-16k
13730529,"Mary: Did you tell your sister I am doing online job?
Mark: yes !
Mary: why
Mark: because she keep saying your good for nothing?
Mary: dint I tell you I don‚Äôt care?
Mark: what happened?
Mary: see I don‚Äôt want to prove anything to anyone..
Mark: I know‚Ä¶ but I was just feeling proud so it was kind of show off‚Ä¶
Mary: she is asking everyone‚Ä¶ and trying to get to the people I am working for
Mark: really!! I am sorry for that‚Ä¶
Mary: don‚Äôt be! I understand your feelings‚Ä¶  but u know how she is‚Ä¶
Mark: I know!! :? ÔÅå
Mary: don‚Äôt be sad now its ok.. she cant do much about it‚Ä¶ chill its ok but just be careful
Mark: I will be ..
Mary: btw it feels good that she is so jealous :P
Mark: lol my aim was to make her feel jealous
Mary: but i dont like it that she tries to contact the people i am working for ... what does she want?
Mark: may be she wants to confirm if its true... because its not easy to digest that your working from home and earning well!!!
Mary: whatever i just hate her
Mark: chill now .... :) love you
Mary: i am chilled :cool: ... love you too honey",Mark told his sister that Mary is doing online job.,NULL,0.0,1.0,Mark told his sister that Mary is doing online job.,NULL,0.0,1.0,False,False,7.6488,gpt-3.5-turbo-16k
13817819,"Emily: shit, I'm waiting to see my doctor and you won't believe who's waiting with me
Emily: <file_gif>
Adam: who then?
Emily: a nun and a blind crazy man
Emily: it feels spooky
Adam: haha XD","Emily is waiting to see her doctor, and there's a nun and a blind person with her.",NULL,0.0,1.0,"Emily is waiting to see her doctor, and there's a nun and a blind person with her.",NULL,0.0,1.0,False,False,5.4498,gpt-3.5-turbo-16k
13611436,"Lisa: Hello Peter. What have you been doing off late?
Peter: Bit busy with work.
Lisa: Too much of work, huh?
Peter: Not really, I‚Äôve been working out
Lisa:  Ohh, trying to get in shape?
Peter: Nah, I don‚Äôt have much of weight to lose, just want to improve my health.
Lisa:  That‚Äôs a good thought. I was also thinking of working out a bit. What do you do? Do you go to a Gym?
Peter: Yes, I hold a membership with the one near our office.
Lisa: Which exercises do you do regularly?
Peter: I do weights and run on the treadmill.
Lisa:  Besides exercises, I think I need to eat better to help me keep in shape.
Peter: Another major requirement for good health is sleep. On an average one requires at least 7-8 hours of sleep.
Lisa:  There are a lot of things we can do to stay healthy.
Peter: Yes. One needs to maintain a regime to stay healthy for a long term.",Peter's busy with work but he's also working out. ,NULL,0.0,1.0,Peter's busy with work but he's also working out. ,NULL,0.0,1.0,False,False,6.7177,gpt-3.5-turbo-16k
13730015,"Eric: Hey Bella, What happened today in boss's room?? Was he angry??
Bella: NO NO!!! He wasn't angry at all.. He actually appreciated on our brave deccision to dismiss the request of client..
Eric: REALLY!! He appreciated this decision..
Bella: Yeah he really did.. I too was astounded by his reaction...
Eric: What could possibly lead to this?? I mean , they were potential clients...
Bella: What he told me was that he was looking forward to bring in new clients which were our current client's competitor..
Eric: Oh that could possibly be the reason.Well anyways you got appreciation xD congo	
Bella: hahaha Blessing in disguise xD","Eric and Bella were in the boss' room today. The boss was not angry, but appreciated the brave decision to dismiss the request of the client.",NULL,0.0,1.0,"Eric and Bella were in the boss' room today. The boss was not angry, but appreciated the brave decision to dismiss the request of the client.",NULL,0.0,1.0,False,False,4.2651,gpt-3.5-turbo-16k
13829695,"Conny: Hello Mr. Fitz.
Fitz: Hello, Conny.
Fitz: What can I do for you?
Conny: It's about this paper you told me to write for next week.
Fitz: What about it?
Conny: I did some research. 
Conny: And frankly, I found pretty much nothing:(
Fitz: Where did you do your research, Conny?
Conny: Mostly internet, obviously.
Fitz: Obviously?
Conny: Sure, everything should be there.
Fitz: Didn't I suggest you go to library.
Conny: You did?
Fitz: Certainly. Try it. You might find it's fun.
Conny: Doubt it. But I'll go Mr. Fitz. Obviously.",Conny has to write a paper for next week. ,NULL,0.0,1.0,Conny has to write a paper for next week. ,NULL,0.0,1.0,False,False,5.1599,gpt-3.5-turbo-16k
13611640,"Ann: What should I prepare 4 my dad's birthday?
Fiona: How old is he?
Ann: turning 50
Fiona: wow, a round birthay, it must be sth big
Ann: I know, but I don't have any idea
Fiona: surprise party?
Ann: My dad hates dose
Fiona: ok, so what does he like?
Ann: I don't know, he watch a lot of military movie
Fiona: well, a movie ticket is probably not what you thought of
Ann: not even close
Fiona: Maybe some event. U know like bungee jumping or parachute jump
Ann: that would be nice but he's afraid of heights
Fiona: damn, maybe sth you can do together
Ann: well I was plannig dinner with the whole family, but that's not enough
Fiona: yes, there should be sth special also
Ann:  I know, but I'm out of 
Fiona: Let me think. Nothing with heights but maybe sth on the ground? Racing? Horse riding?
Ann: ok, it's a good direction. Maybe some team play, we could go with the whole family
Fiona: u said he likes military... maybe paintball? 
Ann: I don't know how my mum will react but I like it :D
Fiona: I guess she's not into military
Ann: not really, no. But it's dad's birthday so she has to accept it. Thx for the help
Fiona: no problem",Ann's father is turning 50. Ann wants to prepare something big for his birthday.,NULL,0.0,1.0,Ann's father is turning 50. Ann wants to prepare something big for his birthday.,NULL,0.0,1.0,False,False,4.8145,gpt-3.5-turbo-16k
13729697,"Sophie: When r u going to Poana≈Ñ?
Murphy: On Tuesday. 
Sophie: And you're coming back the same day?
Murphy: Yes, in the afternoon, but I don't know the exact hour. ",Murphy is going to Poana on Tuesday and coming back the same day.,NULL,0.0,1.0,Murphy is going to Poana on Tuesday and is coming back the same day. ,NULL,0.0,1.0,False,False,4.6849,gpt-3.5-turbo-16k
13864470,"William: hey im making spaghetti
William: could you please buy some fresh tomatoes
William: pretty please :)
Olivia: no problem dear :)
William: and Beth? it wouldn't hurt to have some chocolate for after the dinner :D
Beth: I'm on it :D",Olivia will buy some fresh tomatoes for William's spaghetti.,NULL,0.0,1.0,Olivia will buy some fresh tomatoes for William's spaghetti.,NULL,0.0,1.0,False,False,4.5513,gpt-3.5-turbo-16k
13728067,"Grace: The hand sanitizer by the restrooms is empty. Do we have a refill/
Mike: Yes, no problem. I'll get to it right away.
Grace: Thx.",Mike will refill the hand sanitizer.,NULL,0.0,1.0,Mike will refill the hand sanitizer.,NULL,0.0,1.0,False,False,4.3908,gpt-3.5-turbo-16k
13730635,"Jim: Hello, welcome to the store, how can I help you
Finn: Hello could you help me track my shippment?
Jim: yes, can you please tell me your order number
Finn: It's 45678
Jim: Thank you, from what I can see your package has left the warehouse and will be delivered to you tommorrow",Jim is checking Finn's order.,NULL,0.0,1.0,Jim is checking Finn's order.,NULL,0.0,1.0,False,False,4.6073,gpt-3.5-turbo-16k
13728229,"Sebastian: It's been already a year since we moved here.
Sebastian: This is totally the best time of my life.
Kevin: Really? 
Sebastian: Yeah! Totally maaan.
Sebastian: During this 1 year I learned more than ever. 
Sebastian: I learned how to be resourceful, I'm learning responsibility, and I literally have the power to make my dreams come true.
Kevin: It's great to hear that.
Kevin: It's great that you are satisfied with your decisions.
Kevin: And above all it's great to see that you have someone you love by your side :)
Sebastian: Exactly!
Sebastian: That's another part of my life that is going great.
Kevin: I wish I had such a person by my side.
Sebastian: Don't worry about it.
Sebastian: I have a feeling this day will come shortly.
Kevin: Haha. I don' think so, but thanks.
Sebastian: This one year proved to me that when you want something really badly, you can achieve it.
Kevin: I want to win lottery and I never did :D
Sebastian: If you devoted your life to analyze all of the winning numbers, and with your math skills you could win.
Kevin: Devote myself and million dollars for lottery tickets.
Sebastian: Something like that xD
Kevin: I'm happy for you man.
Kevin: I really am
Sebastian: Thanks. It means a lot my friend :)",Sebastian is glad about his move.,NULL,0.0,1.0,Sebastian is glad about his move.,NULL,0.0,1.0,False,False,5.9971,gpt-3.5-turbo-16k
13864890,"Ethan: ok I‚Äôm back
Dustin: <file_gif>
Ray: hey. How was the meeting?
Ethan: boooriiiiing
Dustin: <file_gif>
Ethan: all the more that I‚Äôm all sore after yesterday
Ethan: <file_gif>
Ray: again? how often do you go to the gym bro?;D
Ethan: oh you know. I usually try every other day
Ethan: but this week I‚Äôve trained every day
Dustin: whaaaa
Ray: you‚Äôre crazy
Ethan: some guys always go every day and they live
Dustin: yeah right. I‚Äôm so proud of myself if I go twice a week ;D
Ray: exactly!
Ethan: no pain no gain 
Dustin: so u training tonight? Or maybe
Dustin: <file_gif>
Dustin: ? :D
Ray: all riiiight :D now you‚Äôre talking;D
Ethan: I was going to‚Ä¶
Ethan: but you know‚Ä¶
Ray: 8pm my place?
Dustin: perfect
Ethan: how bout 9pm? I have to pick up the kids 
Ray: Ok, we‚Äôll be waiting
Dustin: we will. Not sure if the magic potion will xD
Ethan: Ok I‚Äôll text Sam to pick them up ;D
Ethan: see u at 8
Ray: <file_gif> ",The meeting was boring.,NULL,0.0,1.0,The meeting was boring.,NULL,0.0,1.0,False,False,4.428,gpt-3.5-turbo-16k
13863055,"Lucy: 15. My little girl is 15. What should I do now? Where is the rule book?
Patricia: Why? It's like yesterday she was 5 years old...
Patricia: You know, you have like 15 years of preparation and it shouldn't come as a surprise :) 
Lucy: Pat, as a mother I'm not as good as I always wanted to be...
Patricia: Don't exaggerate...
Lucy: Are you numb to all emotions? How did you feel when Patrick turned 15?
Patricia: I just don't see things as you do :)
Lucy: :)",Lucy is looking for some rules.,NULL,0.0,1.0,Lucy is looking for some rules.,NULL,0.0,1.0,False,False,7.1492,gpt-3.5-turbo-16k
13864860,"Sam: Where are you?
Kate: downstairs
Sam: already?
Kate: sure, come down
Jeff: We're in the little room next to the reception
Kate: have you noticed the woman making a cake?
Sam: yes
Kate: did you see the cake?
Sam: I didn't pay attention, why?
Kate: there was a huge penis on it
Kate: made of marzipan or sth
Sam: hahah, really?
Kate: when I noticed it, I started laughing
Kate: so she laughed too
Sam: nice
Kate: I asked her what's she doing
Kate: Somebody ordered a cake with a huge penis with balls and chocolate hair
Sam: hahah, I must see it!
Kate: she is working in the small room under the stairs
Sam: right, there is a kitchen",Sam and Jeff should join Kate and Jeff downstairs.,NULL,0.0,1.0,Sam and Jeff should join Kate and Jeff downstairs.,NULL,0.0,1.0,False,False,8.1428,gpt-3.5-turbo-16k
13680571,"Frank: Son, will you come home this weekend?
Son: not sure yet. Something happened?
Frank: Of course not. Your mother miss you.
Son: I miss her too.
Frank: So will you com?
Son: I will try.
Frank: Good, I will tell your mother that you will come
Son: oh, dad.. ok I will come.","Frank's son won't come home this weekend, but will come next week.",NULL,0.0,1.0,"Frank's son won't come home this weekend, but will come next week.",NULL,0.0,1.0,False,False,5.2213,gpt-3.5-turbo-16k
13728288,"Betty: <file_photo>
Sandra: Hahaha!
Betty: This guy has totally nailed it!
Sandra: I have a special place in my heart for men that take care of animals.
Betty: I know! He and his cat look so cute!
Sandra: Haha! I'm sure he could've taken good care of us too!
Betty: :) :) :)
Betty: Sandra you naughty girl!
Sandra: Oh stop it. We both know that you think that too.
Betty: Maybe a little.
Sandra: Btw, my ex just messeged me. He said he had been thinking about our split-up recently and he stated that it had been a mistake.
Betty: Seriously?! After 3 months?
Sandra: Yeah. The worst thing is that I think that too :(
Betty: You are not thinking of getting back to him are you?
Sandra: ...
Betty: Come on! He was such a jerk back then! Don't you remember how sick you felt when he left you?
Sandra: I know but
Betty: No buts! I'll be at your place at 6. I'll bring the wine!",Betty and Sandra have a chuckle at the man taking care of a dog.,NULL,0.0,1.0,Betty and Sandra have a chuckle at the man taking care of a dog.,NULL,0.0,1.0,False,False,4.5127,gpt-3.5-turbo-16k
13715895,"Patricia: Hello, here's the fair-trade brand I've been talking about <file_other>
Elle: Oh, thanks!
Florence: Looks great!
Patricia: I'm glad, I hope you enjoy it. The quality's really great and knowing where it came from makes it easier to spend the extra dollar ;)
Elle: I'll look into it :)
Florence: Thx",Patricia sends Elle and Florence a picture of the fair-trade brand. They like it.,NULL,0.0,1.0,Patricia sends Elle and Florence a picture of the fair-trade brand. They like it.,NULL,0.0,1.0,False,False,4.7168,gpt-3.5-turbo-16k
13728295,"Dave: Hey, is Nicky still at your place? Her phone is off
Sam: She just left
Dave: Thanks!",Nicky has just left Sam's place and her phone is off.,NULL,0.0,1.0,Nicky left Sam's place.,NULL,0.0,1.0,False,False,4.4783,gpt-3.5-turbo-16k
13716075,"Claire: <file_photo>
Kim: Looks delicious...
Linda: No way... Look what I'm cooking right now:
Linda: <file_photo>
Claire: hahahaha 
Kim: Curry dream team
Claire: Enjoy your dinner :*",Claire sends Kim a photo of curry she's cooking. Linda also cooks curry.,NULL,0.0,1.0,Claire sends Kim a photo of curry she's cooking. Linda also cooks curry.,NULL,0.0,1.0,False,False,6.248,gpt-3.5-turbo-16k
13731338,"Ralph: Hey brewski, did you hear that decent polish joke? 
Andrew: No?
Ralph: How do you sink a polish battleship?
Andrew: Umm, shoot it, bomb it? Whatever.
Ralph: Put it in water. Hahaha
Andrew: Dude, that‚Äôs gotta be the worst joke ever. It got my mouth so dry, that now I have to take a sip of water.",Ralph told Andrew about the polish joke and he likes it.,NULL,0.0,1.0,Ralph told Andrew about the polish joke and he likes it.,NULL,0.0,1.0,False,False,4.72,gpt-3.5-turbo-16k
13862754,"Keith: Have you heard anything about the cafes by the river?
Keith: The ones that got damaged with the flods
Adam: No I haven't
Adam: But there was an article sometime ago, they want to re-build them
Adam: But the cost to fix the damage is sky high
Keith: It's really sad, it was a great place
Adam: I know
Adam: I miss going there
Keith: Yeah :/",Adam did not hear anything about the cafes by the river that got damaged with the flods.,NULL,0.0,1.0,Adam did not hear anything about the cafes by the river that got damaged with the flods.,NULL,0.0,1.0,False,False,4.9535,gpt-3.5-turbo-16k
13829773,"Ola: Hello Kate, sorry for not keeping in touch properly. As expected, we have hardly any connectivity here in Cuba. But we're doing fine and enjoying our trip. How are the things at home?
Kate: At long last! Started to worry. Nothing new happening, if you disregard all that Xmas craze. Momo has recovered from her injury and frolicking again.
Kate: <file_photo>
Kate: Good old Momo! Yes, it is your scarf!
Ola: NO!!! It's one of my favorites! The one from Laos!
Kate: Too late. Momo thinks it belongs to her now. Get yourself a new one. They surely have nice ones there.
Ola: Not at all. Only cheapish cotton blouses with horrible multi-coloured embroidery or some equally horrible crochetted tops. No shawls or scarfs.
Ola: <file_photo>
Kate: Wait a sec!
Kate: <file_photo>
Kate: Isn't it similar?! Mum would probably like it. Why don't you?
Ola: Not a bad idea. But the quality is usually crappy.
Kate: And if you go to some boutique shop or something? Not at a market as in your pics?
Ola: I might try and find some. Would you like one too?
Kate: Not really. And Mum would prefer to be the only one with an authentic Cuban blouse :))
Ola: OK I'll have a look. Greets to everyone at home pls.
Kate: Take care!",Ola has arrived in Cuba and has connected to the outside world a bit. Kate and Ola are both happy to see each other.,NULL,0.0,1.0,Ola has arrived in Cuba and has connected to the outside world a bit. Kate and Ola are both happy to see each other.,NULL,0.0,1.0,False,False,7.8284,gpt-3.5-turbo-16k
