id,dialogue,hallucination_type,hallucination_level,confidence_score,first_shot_summary,first_shot_hallucination_type,first_shot_hallucination_level,first_shot_confidence_score,prediction,org_prediction,time_taken,gpt_model
13682496,"Myah: <file_photo>
Selah: I can't see the phone number very well. Rewrite it plz
Myah: <file_photo>
Selah: The phone of that person is off",extrinsic,0.8,0.9,"Selah called someone, but the person did not pick up. Myah sent Selah a photo, but Selah cannot see it as she cannot receive attachments.",extrinsic,0.8,0.9,True,True,10.5013,gpt-3.5-turbo-16k
13863202,"Kristian: Adidas Or Nike?ğŸ˜ƒ
Tabora: Adidas(ï¼¾ï½–ï¼¾)
Kristian: Watermelon or orange?ğŸ˜ƒğŸ˜ƒ
Tabora: Orange(ï¼¾ï½–ï¼¾)
Kristian: Superman or batman?ğŸ˜ƒğŸ˜ƒğŸ˜ƒ
Tabora: Batman(ï¼¾ï½–ï¼¾)
Tabora: What are we doing now?
Kristian: Just playing gamesğŸ˜ƒğŸ˜ƒğŸ˜ƒğŸ˜ƒ
Kristian: Wanna keep going?ğŸ˜ƒ
Tabora: Sure! It is kinda fun!(*^0^*)
Kristian: Films or books?ğŸ˜ƒğŸ˜ƒğŸ˜€ğŸ˜€ğŸ˜€ğŸ˜€ğŸ˜€ğŸ˜€
Tabora: Films!(ï¼¾ï½–ï¼¾)
Tabora: When is my turn?",extrinsic,0.5,0.8,Kristian and Tabora like Adidas better.,extrinsic,0.5,0.8,True,True,11.3441,gpt-3.5-turbo-16k
13821684,"Joyce: Check this out!
Joyce: <link>
Michael: That's cheap!
Edson: No way! I'm booking my ticket now!! ",extrinsic,0.5,0.8,Edson is booking his ticket now as suggested by Joyce. ,NULL,0.0,1.0,True,False,6.2567,gpt-3.5-turbo-16k
13865290,"Jeff: Should we go to the village party?
Lia: I'm too tired after hiking
Mico: I'd like to go, there may be some hot boys!
Lia: I doubt
Jim: like a real village boy?
Jim: who doesn't even speak English?
Mico: yes, the dummer, the better
Jim: haha, stupid fucks good, they say
Mico: I confirm!
Lia: not my cup of tea
Mico: I'll go there, who wants to join?
Jeff: I'll go as well
Mico: wanna drive?
Jeff: so you could drink?
Mico: would be nice, hahah
Jeff: not excited, but ok
Mico: thanks!",extrinsic,0.8,0.9,Jeff will go to the village party with Lia.,extrinsic,0.8,0.9,True,True,9.8777,gpt-3.5-turbo-16k
13730736,"Harry: heyyyy are you there??
Cindy: Yes dear what is it?
Harry: Can you call Ela and tell her i need to talk urgent please pick my call.
Cindy: what happened now? an other fight :O
Harry: please tell her
Cindy: MAN! you guys... am i some kind of a messenger service here?
Harry: PLEASEEEEEEEEE ?
Cindy: ok doing.... but thats the last time.
Harry: Yes like always:P
Cindy: Hate you seriously man.
Harry: Thank you
Cindy: Done you can call her now.",extrinsic,0.5,0.8,Cindy called Ela at Harry's request.,extrinsic,0.5,0.8,True,True,10.4402,gpt-3.5-turbo-16k
13863152,"Aldo: Hi, did you get my email?
Marco: Yes I did, thank you
Aldo: I hope you like my article
Aldo: It took me weeks to finish it
Marco: Ok, I'll print it and read it right now
Aldo: Thanks
Marco: How many pages is it?
Marco: Ok, got it, it's 12
Aldo: Yep, 12
Marco: Ok",ERROR,-1.0,-1.0,Marco is going to read Aldo's two weeks long article.,ERROR,-1.0,-1.0,True,True,25.7196,gpt-3.5-turbo-16k
13865298,"Jane: Don't ever go to La Perle :<
Eddie: Why? You love this place
Jane: Used to love this place, not any more
Anne: We've just been there with Jane and Ella
Anne: Now we're getting out ER
Eddie: Dear god what happened?! Are you all right?
Jane: Now I'm good, but they almost killed me
Jane: You know I'm allergic to peanuts
Eddie: Oh no they didn't...
Anne: we ordered some cake, Jane asked for a cheesecake just to be sure
Jane: I told them I'm allergic and they ensured me there's not even a trace of peanuts
Jane: I started swelling after the first bite - apparently there were crushed nuts in the crust
Eddie: I think you should sue them. They really could have killed you
Anne: I told her the same thing, who knows how many people they killed?
Jane: I just don't get how ignorant you have to be to do something like this",NULL,0.0,1.0,"Jane suffers from an allergic reaction caused by cheesecake, while eating at La Perle with Ella and Anne.",NULL,0.0,1.0,False,False,9.3736,gpt-3.5-turbo-16k
13819724,"Tom: we're few meters from you, can't you see us?
Jeffrey: lol, nope
Elena: c'mon, the red jacket!",extrinsic,0.8,0.9,Elena is wearing a red jacket and Jeffrey can't see her.,extrinsic,0.8,0.9,True,True,5.3817,gpt-3.5-turbo-16k
13730522,"Bob: you bitch... why you called Sarah?
Jill: because i want to.. who are you question me?
Bob: try whatever you can bitch you cant get me back
Jill: huh? excuse me i dont want you back so just fuck off
Bob: really then why your calling my girlfriend and sending her our pictures..
Jill: its just that i hate you and i dont want you to be happy :haha:
Bob: really bitch ? but u told her she cannot snatch me from you? 
Jill: yesss! its fun to hurt her 
Bob: i cant believe i was living with a bitch like you
Jill: oh yes and you would have lived if i wouldnt have kicked you out
Bob: What? huh! i left you.. dont remember you were begging me to love you not to leave you?
Jill: whatever.. i am glad i could make you angry and hurt you
Bob: ok thank you dear :)
Jill: thank you?
Bob: yes for saying all this, this is Sarah and all is good now... better luck next time?
Jill: get lost,",extrinsic,0.8,0.9,Jill called Sarah and sent her some old pictures.,extrinsic,0.8,0.9,True,True,9.9149,gpt-3.5-turbo-16k
13715786,"Jamie: What do you think about doing those presentations in groups?
Marlo: Iâ€™m so down man, I donâ€™t wanna do it alone, itâ€™s a lot of work
Jamie: I know, interviews, then transcriptions, then compiling material, then writing
Jimmy: Geeeeez, you guys are so right
Jamie: I think we should talk to him to make like 3 presentations, so that gives us 3-4 people per team
Alex: You guys are so not up to date:D
Jamie: What you talking about?
Alex: Itâ€™s already done, we have 2 groups, he send us subjects in email
Jamie: LOL I was so convinced we gotta think of everything ourselves
Alex: hahah nah 
Jimmy: Did he divide us too?
Alex: No we gotta do it ourselves
Jimmy: Girls v Guys? 
Jamie: hahahaha thatâ€™s gonna be fun, we kinda have parity right?
Alex: Yeah I think so, Iâ€™m ok with that
Marlo: But dudes, girls are so much better in this subject
Alex: Thanks:D but I think youâ€™ll manage
Jamie: Ladies first, I give you right to choose first
Alex: You give me rights:D thatâ€™s freakin new! THANK YOU
Jamie: Just tryin to be a gentleman;)
Jimmy: Yeah, you wish, you sexist pig:d
Jamie: Hey, hey no name calling here! Ladies read it
Jimmy: Oh you just diggin your own grave:D lol",NULL,0.0,1.0,"Jamie, Marlo, Jimmy and Alex have to prepare presentations.",NULL,0.0,1.0,False,False,7.9117,gpt-3.5-turbo-16k
13815437,"Caroline: I think his mother doesn't like me...;-( :-( 
Kate: how come??
Caroline: I just see it in her eyes...
Kate: any example?
Caroline: I just feel it... 
Caroline: hard to give any example.
Caroline: I'm his first gf and she's jelous...
Kate: what??? u r his first gf??
Kate: how old is he??? o_O ???
Caroline: 26 but he's a nerd.
Caroline: he used to spend all the time at home..
Kate: so he lives at home with mummy?? LOL
Caroline: yeah.. mummy and gramma
Kate: fuck, really??
Kate: and u think he's normal?
Caroline: he's an introvert...
Caroline: it's a big house..
Kate: but has he ever lived somewhere else?
Kate: u know shared flat, erasmus?
Caroline: nope...
Kate: he's really weird..
Caroline: he's just a nerd, but v.intelligent!
Caroline: w8 , he's writing sth, will text u l8er.
Kate: ok",NULL,0.0,1.0,Kate believes her boyfriend's mother dislikes her. He's a nerd who lives and has always lived with his mother and grandmother.,extrinsic,0.8,0.9,False,True,5.6254,gpt-3.5-turbo-16k
13729583,"Sharon: My mum knows
Ahmed: Aaaand?
Sharon: Sheâ€™s angry, Iâ€™m grounded
Ahmed: For fuckâ€™s sake youâ€™re 19
Sharon: But I still live with my parents, let me remind you -_-
Ahmed: So move out
Sharon: Itâ€™s not that easy, hello
Ahmed: Move in with me, we would be together all the time :*
Sharon: Iâ€™d have to go to work, Iâ€™m still a student
Ahmed: Donâ€™t worry, Iâ€™ll take care of you
Sharon: My parents will stop talking to me at all
Ahmed: So what
Sharon: I care about my parents, cmon!
Ahmed: But theyâ€™re stupid
Sharon: Donâ€™t talk about them like that!! Theyâ€™re justâ€¦ old and manipulated
Ahmed: How can you manipulated into being an asshole -_-
Sharon: Ok, I know you fell hurt by their behavior but stop it
Ahmed: You donâ€™t care about me
Sharon: I do! But my family is important to me, you should understand that
Ahmed: OK, whatever",NULL,0.0,1.0,Ahmed wants Sharon to move in with him but she's afraid of her parents' reaction.,NULL,0.0,1.0,False,False,8.622,gpt-3.5-turbo-16k
13811296,"Harry: Going to Ikea, need anything?
Sarah: Oh yes! :D
Harry: perfect XD
Sarah: So could you please buy for me: white table cloth 120 cm x 140 cm, as simple as it gets, two medium size wardrobe organisers (the ones with grey flowers), one wooden spatula and three bottle cleaners.
Sarah: If you happen to go the food section, I wouldn't mind a Daim's frozen cake and a bag of meatballs ;)
Harry: Ok, got it. Will do my best.
Sarah: You can use my Ikea Family card, just give them the number and my last name and tell them you forgot to bring it ;) 17927192.
Harry: Thanks! Stay online, I may need your help.
Harry: <file_photo>
Harry: Is this table cloth ok? Or that one?
Harry: <file_photo>
Sarah: First one's perfect ;)",extrinsic,0.8,0.9,"Harry will buy some furniture, frozen cake and a bag of meatballs at Ikea using Sarah's Ikea Family card.",extrinsic,0.8,0.9,True,True,10.3717,gpt-3.5-turbo-16k
13716807,"Brett: So what do u do there? Drive a tank all the time?
John: Yes and no. U've got players from around the world and they have their tank squadrons and u battle them. Can be a lot of fun!
Andrew: So what happens if someone is on a higher level than u? They basically destroy u!
John: That's not a problem. The game doesn't allow higher ranked players o interact with players out of their range.
Brett: What do u mean?
John: If ur on lvl 5, a player on lvl 30 can't attack u. 
Andrew: Sensible. Unlike WoW.
John: So what's WoW like?
Andrew: Imagine having a character u rly like and u give it a lot of ur attention and get experience point, level up and so on. Someone who's played the game for like a year comes and kills u instantly.
Brett: Not cool. 
John: Yeah. Y would they allow such a thing?
Andrew: Well, open world, u can team up with anyone, do quests together, arrange fighting tactics and so on.
Brett: Actually, my cousin met his wife there :)
John: Rly?
Brett: Yeah. They were playing together for some time, talking and at some point he invited her to a date. Turned out they lived very close to each other ;)
Andrew: That's gr8! And how are they getting along now?
Brett: Most fights are about who gets 2 play at a given moment ;) 
John: Lol
Andrew: Well my favourite genre is RPGs :)
John: Can u name a title, except WoW?
Andrew: I can name a dozen, but one of my personal faves is the Final Fantasy series :)
Brett: What's this one about?
Andrew: Don't tell me u haven't heard about the greatest RPG series of all times?
John: Well, I haven't.
Andrew: I think I'll have to look for new friends... So embarrassing.
Brett: C'mon! Tell us!
Andrew: Fine... Usually u play a group of friends that have to resolve some kind of crisis. In the last part u play a prince whose kingdom has been destroyed and u try to well get revenge.
Brett: Sounds boring. 
Andrew: Believe me, it's not!",NULL,0.0,1.0,Brett's cousin Andrew met his wife while playing a game together. Brett's cousin's favorite game is Final Fantasy.,NULL,0.0,1.0,False,False,6.4528,gpt-3.5-turbo-16k
13829029,"Marta: i swear that jay is a pathological liar!!!!!!
Rose: why do you say that?
Marta: he keeps talking about how he has all this money and travels all over the world
Rose: lol yes, that's all he talks about
Marta: well i just found out he lives in a studio apartment in the outskirts of town!!!!!!! :-(",extrinsic,0.5,0.8,Randy has been lying about being rich and travelling around the world.,extrinsic,0.5,0.8,True,True,5.264,gpt-3.5-turbo-16k
13680227,"Lindsey: Sup?
Sage: Nothing just having a beer. You?
Lindsey: I have just finished my class
Sage: Cool
Lindsey: I mean I should go for another class also
Sage: Oh really
Lindsey: But earlier I asked one girl to put my name on the attendance list instead of me :)
Sage: Hahaha. Naughty naughty!
Lindsey: Last week I did the same. I just hope that those signatures ( since last week I asked another girl) will be enough similar to mine. Because I gave them a piece of paper with my name written on it
Sage: Good luck haha",extrinsic,0.8,0.9,Lindsey is not going the following class. She asked her classmate to fake her signature.,extrinsic,0.8,0.9,True,True,6.3862,gpt-3.5-turbo-16k
13612154,"John: Look, Bristol Stool Scale - perfect to read in the morning. <file_photo>
Henry: :-/
John: I was expecting a pic of your poop 
Henry: No, sorry :(
John: Constipations are the worst!
Henry: no no, I had a nice poop this morning! I never really am constipated.
John: My man! :D
Henry: Maybe I should write it on my tinder profile? ""Never really constipated""
John: I think it's a good metaphor.
Henry: About emotions etc?
John: Yes, like very psychoanalytic. And showing you're not pretentious.
Henry: Hehe. Maybe still not the best strategy overall though.",intrinsic,0.2,0.8,"John sent Henry Bristol Stool Scale. He was expecting a picture of Henry's poop, but Henry isn't willing to send a pic of it.",intrinsic,0.2,0.8,True,True,10.0924,gpt-3.5-turbo-16k
13729275,"Keira: How come it started with wildangel3 then went to 1 wouldn't it make more sense to go from 1 to 2 and then 3? 
Lois: yeah, i couldn't get onto my aacount for some bizar reason
Lois: but I'm thinking of deleting both - i mean, I created it when I was 10!
Keira: I figured ^^
Lois: Mean
Keira: <file_gif>
Lois: yeah yeah
Lois: btw, I saw your sister in town the other day
Keira: WHAT?! She's grounded for the month
Lois: SOmeone's in trouble...
Lois: You gonna tell on her?
Keira: Maybe... I'm kinda mad at her right now >:(",extrinsic,0.8,0.9,Lois noticed Keira's sister in town.,extrinsic,0.8,0.9,True,True,7.9866,gpt-3.5-turbo-16k
13820610-1,"Elvina: ever been to the local theatre smbd?
Averil: you mean here? The theatre with actors? And stage? Is there any?
Booth: yeah, I was the other day. Pretty cool and cheap.
Elvina: I got invite and dunno what to wear
Booth: I guess nothing much. Its kinda light hearted. Friendly and all. 
Elvina: oh good to know thx
Averil: im seriously shocked they have a theatre here
Booth: i mean it. was rly cool",extrinsic,0.5,0.8,Booth recommends Elvina wearing something casual at the local theatre. Averil is surprised there's a theatre.,extrinsic,0.5,0.8,True,True,11.2098,gpt-3.5-turbo-16k
13681603,"Ella: so? 
Molly: ?
Ella: come on! pics or it didn't happen
Molly: what are you going on about?
Ella: I heard you met up with Chuck
Molly: no... when was this suppossed to happen?
Ella: friday
Molly: Holly fuck that little shit made a story up
Ella: ?
Molly: I told him no and the little fucker made up a story
Molly: Im gonna kill him ",extrinsic,0.8,0.9,Chuck's telling Ella that he'd met up with Molly. He made up the story as actually Molly refused to go out with him..,extrinsic,0.8,0.9,True,True,10.3065,gpt-3.5-turbo-16k
13862536,"Robert: Hi mate! Are you still at your office? If you are how about grabbing some coffee? I'm meeting Darek at 5pm, but I will be around at 3pm already :)
Gabriel: Hi Robert! Sorry for late response, didn't see your message. Also I've quit the office about a month ago, sorry. How are you doing?
Robert: I casually came to visit my old pals. Long story. I thought I could catch you somewhere, but maybe next time then ;). How are you doing? Where are you nowadays?
Gabriel: I'm OK. I'm at home, looking into what I'm doing next...Well I hope you will enjoy your meeting",extrinsic,0.8,0.9,"Robert wants to meet with Gabriel at the office at 3 pm, but Gabriel left the office a month ago and is at home. ",extrinsic,0.8,0.9,True,True,7.106,gpt-3.5-turbo-16k
13731261,"Alec: Have you seen the last America's got talent?
Alexa: No. 
Alexa: Interesting? 
Alec: <file_other>
Alexa: The link doesn't work. 
Alec: Give me a sec.
Alec: <file _other>
Alexa: Now it's working!
Alec: good, watch it, u'll like it
Alexa: you're right, I like it :)
Alexa: The girl is amazing!
Alec: :)
Alexa: I wish I have had half her skills when I was her age! 
Alec: She's very good, that's true. 
Alec: I even thik she might win the edition.
Alexa: Did you see all candidates?
Alec: yes
Alec: And there're a few good, but I personally think she's the best!
Alexa: I'd be glad if she wins :)",extrinsic,0.5,0.8,Alec saw the last America's got talent and sent a link to Alexa.,extrinsic,0.5,0.8,True,True,10.1123,gpt-3.5-turbo-16k
13829183,"Autumn: u sewn anything?
Autumn: show me show me!! :D
Autumn: <file_gif>
Israel: no :(
Israel: haven't had the time yet  ;(
Autumn: ooh :( 
Autumn: u need to have pririorities in life!
Autumn: like me - i haven't checked the tests for a month because the dress wouldn't sew itself :D
Israel: you've sewn a dres??
Israel: you didn't show it to me
Autumn: oh didn't i?
Autumn: there will be some photos on the site soon so you'll see it:)
Israel: sure will! can't wait!:D
Autumn: <file_other>
Autumn: haven't i showed you this?
Israel: noo!! it's wonderful!!
Autumn: thanks :)
Israel: can't wait to see the whole dress! :)",NULL,0.0,1.0,Autumn has sewn a dress. Autumn wants to see the dress.,NULL,0.0,1.0,False,False,4.4,gpt-3.5-turbo-16k
13863081,"Jackie: My sister called me she got pregnant.(Â°â—‡Â°)
Deadrana: Wow. awesome! ãƒ½(^ã€‚^)ãƒ
Jackie: But I am a bit worried about her.(ãƒ¼ãƒ¼ã‚›)(ãƒ¼ãƒ¼ã‚›)
Deadrana: Why? As I know your sister is healthy. Does she have any problem?
Jackie: No, no. Of course not. 
Jackie: You know nowadays having kids and raise them takes a lot of money for whole your life
Deadrana: Thatâ€™s true.
Jackie: But I don't think my brother-in-law earns enough money for his kids. 
Deadrana: At least he doesnâ€™t have any debt. 
Deadrana: I understand you are worried about your sister (ãƒ»ã¸ãƒ»)
Deadrana: Cause she is your sister but your brother-in-law is hardworking guy. ğŸ™‚ğŸ™‚
Deadrana: Donâ€™t worry too much.ğŸ™‚
Jackie: My sister seemed also worried while she was talking about her pregnancy.
Deadrana: I can imagine....ğŸ™ğŸ™
Jackie: Because her plan was to have a baby 2 years later.
Jackie: So it is like, so to speak, well, an accident.ğŸ˜¢ğŸ˜¢ğŸ˜¢
Deadrana: I understand. But life isnâ€™t going only as you expected. Right?
Deadrana: Maybe you can just say only bright future. 
Jackie: Yeah..I guess youâ€™re right. <_<<_<<_<
Jackie: Sometimes I feel lucky that I didn't get married yet.ãƒ½(Â´ãƒ¼ï½€)â”Œ",NULL,0.0,1.0,"Jackie's sister called her. She's pregnant, two years before she planned for it. Jackie is worried about her financial situation.",NULL,0.0,1.0,False,False,4.8427,gpt-3.5-turbo-16k
13810877,"Tina: Hey, Facebook is constantly non stop suggesting Patrick
Demi: Hahahahaha 
Tina: I think I have to catch a bit of your approach
Demi: He's a god. What do you mean...?
Tina: I have to learn how to transfer from hating men to fucking them haha
Demi: (Y)
Tina: as soon as possible
Demi: Haha! Yeah. I did it, you're right. But i worked on it hard after a huge heartbreak
Tina: <file_gif>
Demi: (Y) currently i like men. you have to be chilled with them ;)
Tina: <file_gif>
Demi: :D maybe its a mistake... i dont know. Lets organize workshops on that :D
Tina: I only like one type :D yes plz do it haha
Demi: Done! but maybe you should chill a bit, look around for ather types ...and see what happens
Tina: I only dont what my mood depend so much on other people
Demi: I know! I know it well!
Tina: this renting case is eating me
Demi: you have to isolate one bit inside that will be always independent
Tina: we have to meet, crazy girl!
Demi: for sure. if youre homeless i will take under my roof
Tina: between the guyshaha
Demi: we ll find something
Tina: <3",NULL,0.0,1.0,Tina wants to learn Demi's approach on how to transfer from hating men to dating them.,NULL,0.0,1.0,False,False,7.7468,gpt-3.5-turbo-16k
13819925,"Lisa: have you ever heard about this diet??
Lisa: <file_other>
Victoria: Nooo
Victoria: Hmm, seems interesting
Amelia: YES!! My mum was on that crazy diet..... She gained 5 pounds (ãƒ¼_ãƒ¼)!!
Lisa: omg, glad that I asked
Lisa: <file_gif> ",extrinsic,0.8,0.9,Lisa isn't interested in the diet now Amelia informed her her mum put on weight doing it.,extrinsic,0.5,0.8,True,True,5.5202,gpt-3.5-turbo-16k
13730597,"Amelia: What is your favourite colour?
Emily: Blue, why?
Amelia: I can't tell you
Emily: A surprise? =)
Amelia: Sort of... Can't tell you anything more
Amelia: Sorry 
Emily: I'm super curious",NULL,0.0,1.0,Emily's favourite colour is blue. ,NULL,0.0,1.0,False,False,5.4789,gpt-3.5-turbo-16k
13730484,"Molly: Dâ€‘':
Luca: What???
Molly: I can't think anymore today!
Luca: LOL!
Molly: Seriously!
Luca: Deep breath...
Molly: It's the silly season, isn't it?
Luca: Yep. Just hang in there.
Molly: Trying...
Luca: Try harder! LOL!
Molly: Driving me nuts!
Luca: I know, but you can't let it get you down!
Molly: Yeah, you're right.
Luca: Of course I am! LOL!
Molly: Modest, too.",NULL,0.0,1.0,Molly can't think what Luca wants her to do. ,NULL,0.0,1.0,False,False,7.4532,gpt-3.5-turbo-16k
13611880,"Joyce: Honey, can I take the car?
Kyle: No, I'm sorry.
Joyce: Why not? How am I supposed to go get Harry?
Kyle: I've got to go to a mechanic. The car is making a weird noise.
Joyce: Then can you get Harry on your way?
Kyle: I don't know, I'm already running late.
Joyce: Am I supposed to go get him by bus? That's ridiculous.
Kyle: Fine, I'll get him.
Joyce: Thank you.",NULL,0.0,1.0,Joyce plans to get Harry using Kyle's car but he's taking the vehicle to a mechanic now. Kyle agrees to give the car to Joyce to get Harry.,NULL,0.0,1.0,False,False,5.4474,gpt-3.5-turbo-16k
13727763,"Bobby: U know what annoys me the most?
Mickey: Not being able to watch TV or listen to music without pesky interruptions?
Bobby: That too, but the thing that annoys me the most is pharmaceuticals, medicine and drugs.
Mickey: Y? Aren't they good 4 ur health?
Bobby: They may well be, but not for my wallet!
Mickey: What do u mean?
Bobby: I was watching a film last night and suddenly there's a bunch of commercial of different medical products and so on.
Mickey: And what of it?
Bobby: Imagine that pharmaceutical companies invent illnesses!
Mickey: What? Are u sure?
Bobby: No, I'm not, but in the commercial they mentioned a name of an illness I have never heard of.
Mickey: So what? There are many illnesses and diseases I've never heard of. 
Bobby: So I did some research. Turns out such a thing does not exist. No medical journal writes about it, no medical forum suggests caution.
Mickey: That doesn't mean it doesn't exist. 
Bobby: I even found a youtube video of a doctor explaining y it's not an illness. 
Mickey: All right, this is quite serious.
Bobby: So I put my mind to it and do u know what I came up with?
Mickey: What?
Bobby: That in this particular case they're selling mints as medical products!
Mickey: Srsly?!
Bobby: Absolutely!
Mickey: How long do u think they've been lying to us?
Bobby: Can't be sure, but probably 4ever. Imagine every illness, disease and so on. Where do these come from? Why do they spread so fast?
Mickey: That is kinda puzzling.
Bobby: Right?
Mickey: So why is no one doing anything about it?
Bobby: Do u know how much the pharmaceutical industry is worth today?
Mickey: No.
Bobby: At least $1.2 bln!
Mickey: Explains a lot.",NULL,0.0,1.0,Bobby is annoyed by pharmaceutical companies. ,NULL,0.0,1.0,False,False,6.8474,gpt-3.5-turbo-16k
13862663,"Colin: Hey I have some news that you would be really interested!(Â´ï½¥Ï‰ï½¥`)
Ava: What is it?
Colin: How tall are you you said?
Ava: 158...cm.. why?(-_-ãƒ¡)
Colin: Congratulations! You are defeated by penguin(â˜ï¾Ÿãƒ®ï¾Ÿ)â˜
Ava: What are you talking about?
Colin: Penguins' average  height is 162cm when they stand up ï¼ˆâ€ï¼¾â–½ï¼¾â€ï¼‰ã‚ªãƒ¼ãƒ›ãƒƒãƒ›
Colin: So you are officially shorter than penguinsâ˜œ(âŒ’â–½âŒ’)â˜",extrinsic,0.8,0.9,Ava is shorter than an average penguin.,NULL,0.0,1.0,True,False,5.7646,gpt-3.5-turbo-16k
13829523,"Fiona: I just canâ€™t stand it
Wanda: What again
Fiona: When Iâ€™m in one room with himâ€¦ I just go crazy
Wanda: Conrad?
Fiona: Yesss, heâ€™s absolutely lovely!!
Wanda: IT IS YOUR STUDENT
Fiona: So what? I mean sure, I know itâ€™sâ€¦ inappropriate xd but still, heâ€™s only 5 years younger than me
Wanda: Itâ€™s so fucked up, I knew you are crazy before but itâ€™s too much
Fiona: I knoooow when I come back home after the class I canâ€™t do anything for like an hour or two, I just listen to the music
Wanda: Youâ€™re literally in love with him
Fiona: I mean I donâ€™t expect anything, weâ€™re from different worlds butâ€¦ Yes, I just want to be around him. All the time xd
Wanda: So you need to do something about it
Fiona: Are you crazy, I canâ€™t!!
Wanda: Why not
Fiona: What would my boss say if she knew
Wanda: Will she know?
Fiona: How can I know what will he do, he can tell his mother as well
Wanda: Just go for it!!",intrinsic,0.5,0.8,Fiona has fallen in love with Conrad.,intrinsic,0.5,0.8,True,True,5.8792,gpt-3.5-turbo-16k
13716653,"Jack: OMG STANLEY IS DEAD
Oliver: Wtf?
Stanley: I'm alive and well, dude
Jack: I meant Stan Lee, damn autocorrect
Stanley: I guessed that XD Yep, everybody's posting about it right now :(",extrinsic,0.8,0.9,"Jack believes Stan Lee has died, but he is alive and well.",extrinsic,0.8,0.9,True,True,5.5116,gpt-3.5-turbo-16k
13715861,"Luke: Ryanair to cancel flights affecting 400,000 more passengers. So unlucky Erin!
Erin: Yeeeep...it touched me as well finally ğŸ˜©ğŸ˜©ğŸ˜©ğŸ˜© Now they screw all my plans to go to Egypt...
Luke: Youâ€™re not the only one
Erin: Good to know that my feelings are shared with other 399,999 people ğŸ˜©
Nathan: Relevant news story for everyone to consider: http://waterfordwhispersnews.com/2017/09/18/ryanair-cancel-effort-to-improve-brand-image/
Elijah: Iâ€™m lucky for now, none of my 2 flights have been cancelled ğŸ™
Erin: Thatâ€™s not a good moment to brag ğŸ™ˆ
Ava: I think we were all unlucky with the ryanair fiasco...
Elijah: not me... yetâ€¦ my 2 flights are confirmed for now
Luke: Iâ€™ve booked another flight with easyjet ğŸ™‚
Ava: I hope they can at least send me a voucher ğŸ˜‘
Erin: They will... Have faith...",NULL,0.0,1.0,"Ryanair was forced to cancel a lot of flights, affectind Erin, Luke and Ava.",NULL,0.0,1.0,False,False,10.2417,gpt-3.5-turbo-16k
